Source File	Size	loadResources	load	generateSnapshots	load-configure	scan	loadDepInfo	loadInfo	checkR4R4B	generateNarratives	validate	loadLists	checkConformanceResources	checkConformanceResources2	checkConformanceResources3	generateLogicalMaps	validateExpressions	scanForUsageStats	checkURLsUnique	processProvenanceDetails	generate1	generate2	generateLogicals	makeDependencies	generateExampleZip	generateValidationPack	scanProfilesForR5	scanExamplesForR5
/fsh-generated/resources/ImplementationGuide-ths-greifswald.ttp-fhir-gw.gpas.json	8277	-	0	0	0	0	0	0	6	32	0	0	0	0	0	0	0	1	0	0	82	60	0	0	0	3	0	1
fsh-generated/resources/OperationDefinition-AnonymizeOriginals.json	2575	2	0	0	1	0	0	0	0	21	0	0	0	0	0	0	0	0	0	0	13	11	0	0	0	1	0	0
fsh-generated/resources/OperationDefinition-DePseudonymize.json	3348	2	0	0	0	0	0	0	0	6	0	0	0	0	0	0	0	0	0	0	12	10	0	0	0	0	0	0
fsh-generated/resources/OperationDefinition-DeletePseudonyms.json	2493	1	0	0	0	0	0	0	1	4	0	0	0	0	0	0	0	0	0	0	13	8	0	0	0	1	0	0
fsh-generated/resources/OperationDefinition-InsertValuePseudonymPairs.json	3283	1	0	0	0	0	0	0	0	4	0	0	0	0	0	0	0	0	0	0	16	9	0	0	0	0	0	0
fsh-generated/resources/OperationDefinition-Pseudonymize.json	3169	1	0	0	1	0	0	0	1	4	0	0	0	0	0	0	0	0	0	0	20	9	0	0	0	1	0	0
fsh-generated/resources/OperationDefinition-PseudonymizeAllowCreate.json	3556	1	0	0	0	0	0	0	0	5	0	0	0	0	0	0	0	0	0	0	13	10	0	0	0	0	0	0
fsh-generated/resources/OperationDefinition-PseudonymizeSecondary.json	3800	1	0	0	0	0	0	0	1	4	0	0	0	0	0	0	0	0	0	0	11	11	0	0	0	0	0	1
fsh-generated/resources/Parameters-Parameters-AnonymizeOriginals-request-example-1.json	335	1	0	0	0	0	0	0	1	1	0	0	0	0	0	0	0	0	0	0	2	3	0	0	0	0	0	0
fsh-generated/resources/Parameters-Parameters-AnonymizeOriginals-response-example-1.json	1407	1	0	0	0	0	0	0	0	0	0	0	0	0	0	0	0	0	0	0	4	53	0	0	0	0	0	0
fsh-generated/resources/Parameters-Parameters-DePseudonymize-request-example-1.json	333	1	0	0	0	0	0	0	0	0	0	0	0	0	0	0	0	0	0	0	2	2	0	0	0	0	0	0
fsh-generated/resources/Parameters-Parameters-DePseudonymize-response-example-1.json	1344	1	0	0	0	0	0	0	0	0	0	0	0	0	0	0	0	0	0	0	3	3	0	0	0	0	0	0
fsh-generated/resources/Parameters-Parameters-DePseudonymize-response-example-2.json	1193	0	0	0	0	0	0	0	1	0	0	0	0	0	0	0	0	0	0	0	3	4	0	0	0	0	0	0
fsh-generated/resources/Parameters-Parameters-DeletePseudonyms-request-example-1.json	333	1	0	0	0	0	0	0	0	0	0	0	0	0	0	0	0	0	0	0	1	2	0	0	0	0	0	0
fsh-generated/resources/Parameters-Parameters-DeletePseudonyms-response-example-1.json	1405	1	0	0	0	0	0	0	0	0	0	0	0	0	0	0	0	0	0	0	4	5	0	0	0	0	0	0
fsh-generated/resources/Parameters-Parameters-InsertValuePseudonymPairs-request-example-1.json	450	0	0	0	0	0	0	0	0	0	0	0	0	0	0	0	0	0	0	0	2	2	0	0	0	0	0	0
fsh-generated/resources/Parameters-Parameters-InsertValuePseudonymPairs-response-example-1.json	948	1	0	0	0	0	0	0	0	0	0	0	0	0	0	0	0	0	0	0	2	3	0	0	0	0	0	0
fsh-generated/resources/Parameters-Parameters-InsertValuePseudonymPairs-response-example-2.json	587	0	0	0	0	0	0	0	0	0	0	0	0	0	0	0	0	0	0	0	2	3	0	0	0	0	0	0
fsh-generated/resources/Parameters-Parameters-Pseudonymize-request-example-1.json	329	1	0	0	0	0	0	0	1	0	0	0	0	0	0	0	0	0	0	0	1	2	0	0	0	0	0	0
fsh-generated/resources/Parameters-Parameters-Pseudonymize-response-example-1.json	1344	0	0	0	0	0	0	0	0	0	0	0	0	0	0	0	0	0	0	0	3	4	0	0	0	0	0	0
fsh-generated/resources/Parameters-Parameters-Pseudonymize-response-example-2.json	1189	1	0	0	0	0	0	0	0	0	0	0	0	0	0	0	0	0	0	0	3	4	0	0	0	0	0	0
fsh-generated/resources/Parameters-Parameters-PseudonymizeAllowCreate-request-example-1.json	340	1	0	0	0	0	0	0	0	0	0	0	0	0	0	0	0	0	0	0	1	3	0	0	0	0	0	0
fsh-generated/resources/Parameters-Parameters-PseudonymizeAllowCreate-response-example-1.json	1355	0	0	0	0	0	0	0	1	0	0	0	0	0	0	0	0	0	0	0	3	3	0	0	0	0	0	0
fsh-generated/resources/Parameters-Parameters-PseudonymizeSecondary-request-example-1.json	435	1	0	0	0	0	0	0	0	0	0	0	0	0	0	0	0	0	0	0	2	3	0	0	0	0	0	0
fsh-generated/resources/Parameters-Parameters-PseudonymizeSecondary-response-example-1.json	1764	1	0	0	0	0	0	0	0	0	0	0	0	0	0	0	0	0	0	0	2	5	0	0	0	0	0	0
fsh-generated/resources/Parameters-Parameters-PseudonymizeSecondary-response-example-2.json	574	0	0	0	0	0	0	0	0	0	0	0	0	0	0	0	0	0	0	0	2	3	0	0	0	0	0	0
/input/includes/artifacts-table-generator.html	1449	-	-	-	0	0	0	0	0	0	0	0	0	0	0	0	0	0	0	0	0	1	0	0	0	0	0	0
/fsh-generated/includes/fsh-link-references.md	2571	-	-	-	0	0	0	0	0	0	0	0	0	0	0	0	0	0	0	0	0	0	0	0	0	0	0	0
/fsh-generated/includes/menu.xml	2060	-	-	-	0	0	0	0	0	0	0	0	0	0	0	0	0	0	0	0	0	0	0	0	0	0	0	0
/input/pagecontent/Allgemein.md	4070	-	-	-	0	0	0	0	0	0	0	0	0	0	0	0	0	0	0	0	0	0	0	0	0	0	0	0
/input/pagecontent/OperationDefinition-DeletePseudonyms-notes.md	1365	-	-	-	0	0	0	0	0	0	0	0	0	0	0	0	0	0	0	0	0	0	0	0	0	0	0	0
/input/pagecontent/OperationDefinition-DeletePseudonyms-intro.md	375	-	-	-	0	0	0	0	0	0	0	0	0	0	0	0	0	0	0	0	0	0	0	0	0	0	0	0
/input/pagecontent/OperationDefinition-DePseudonymize-intro.md	340	-	-	-	0	0	0	0	0	0	0	0	0	0	0	0	0	0	0	0	0	1	0	0	0	0	0	0
/input/pagecontent/index.md	1288	-	-	-	0	0	0	0	0	0	0	0	0	0	0	0	0	0	0	0	0	0	0	0	0	0	0	0
/input/pagecontent/OperationDefinition-Pseudonymize-notes.md	1350	-	-	-	0	0	0	0	0	0	0	0	0	0	0	0	0	0	0	0	0	0	0	0	0	0	0	0
/input/pagecontent/OperationDefinition-AnonymizeOriginals-notes.md	1299	-	-	-	0	0	0	0	0	0	0	0	0	0	0	0	0	0	0	0	0	0	0	0	0	0	0	0
/input/pagecontent/OperationDefinition-AnonymizeOriginals-intro.md	389	-	-	-	0	0	0	0	0	0	0	0	0	0	0	0	0	0	0	0	0	0	0	0	0	0	0	0
/input/pagecontent/OperationDefinition-PseudonymizeSecondary-intro.md	527	-	-	-	0	0	0	0	0	0	0	0	0	0	0	0	0	0	0	0	0	0	0	0	0	0	0	0
/input/pagecontent/Mitgeltend.md	3936	-	-	-	0	0	0	0	0	0	0	0	0	0	0	0	0	0	0	0	0	0	0	0	0	1	0	0
/input/pagecontent/OperationDefinition-Pseudonymize-intro.md	351	-	-	-	0	0	0	0	0	0	0	0	0	0	0	0	0	0	0	0	0	0	0	0	0	0	0	0
/input/pagecontent/OperationDefinition-PseudonymizeAllowCreate-intro.md	450	-	-	-	0	0	0	0	0	0	0	0	0	0	0	0	0	0	0	0	0	1	0	0	0	0	0	0
/input/pagecontent/OperationDefinition-DePseudonymize-notes.md	1355	-	-	-	0	0	0	0	0	0	0	0	0	0	0	0	0	0	0	0	0	0	0	0	0	0	0	0
/input/pagecontent/OperationDefinition-InsertValuePseudonymPairs-intro.md	502	-	-	-	0	0	0	0	0	0	0	0	0	0	0	0	0	0	0	0	0	0	0	0	0	0	0	0
/input/pagecontent/OperationDefinition-PseudonymizeSecondary-notes.md	1175	-	-	-	0	0	0	0	0	0	0	0	0	0	0	0	0	0	0	0	0	0	0	0	0	0	0	0
/input/pagecontent/OperationDefinition-InsertValuePseudonymPairs-notes.md	1054	-	-	-	0	0	0	0	0	0	0	0	0	0	0	0	0	0	0	0	0	0	0	0	0	0	0	0
/input/pagecontent/OperationDefinition-PseudonymizeAllowCreate-notes.md	1125	-	-	-	0	0	0	0	0	0	0	0	0	0	0	0	0	0	0	0	0	0	0	0	0	0	0	0
/template/config	0	-	-	-	0	0	0	0	0	0	0	0	0	0	0	0	0	0	0	0	0	0	0	0	0	0	0	0
/template/config/_config.yml	140	-	-	-	0	0	0	0	0	0	0	0	0	0	0	0	0	0	0	0	0	0	0	0	0	0	0	0
/temp/pages/_includes/artifacts.xml	10625	-	-	-	-	-	-	-	-	-	-	-	-	-	-	-	-	-	-	-	-	1	0	0	0	0	0	0
