<?xml version="1.0" encoding="UTF-8"?><ImplementationGuide xmlns="http://hl7.org/fhir"><id value="ths-greifswald.ttp-fhir-gw.gpas"/><text><status value="generated"/><div xmlns="http://www.w3.org/1999/xhtml"><p class="res-header-id"><b>Generated Narrative: ImplementationGuide ths-greifswald.ttp-fhir-gw.gpas</b></p><a name="ths-greifswald.ttp-fhir-gw.gpas"> </a><a name="hcths-greifswald.ttp-fhir-gw.gpas"> </a><h2>IGTTPFHIRGatewaygPAS</h2><p>The official URL for this implementation guide is: </p><pre>https://ths-greifswald.de/fhir/gpas/ImplementationGuide/ths-greifswald.ttp-fhir-gw.gpas</pre></div></text><url value="https://ths-greifswald.de/fhir/gpas/ImplementationGuide/ths-greifswald.ttp-fhir-gw.gpas"/><version value="2025.1.0"/><name value="IGTTPFHIRGatewaygPAS"/><status value="active"/><date value="2025-10-29T12:19:25+01:00"/><publisher value="Unabhängige Treuhandstelle der Universitätsmedizin Greifswald"/><contact><name value="Unabhängige Treuhandstelle der Universitätsmedizin Greifswald"/><telecom><system value="url"/><value value="https://www.ths-greifswald.de/"/></telecom></contact><packageId value="ths-greifswald.ttp-fhir-gw.gpas"/><license value="CC0-1.0"/><fhirVersion value="4.0.1"/><dependsOn id="hl7tx"><extension url="http://hl7.org/fhir/tools/StructureDefinition/implementationguide-dependency-comment"><valueMarkdown value="Automatically added as a dependency - all IGs depend on HL7 Terminology"/></extension><uri value="http://terminology.hl7.org/ImplementationGuide/hl7.terminology"/><packageId value="hl7.terminology.r4"/><version value="6.5.0"/></dependsOn><dependsOn id="hl7ext"><extension url="http://hl7.org/fhir/tools/StructureDefinition/implementationguide-dependency-comment"><valueMarkdown value="Automatically added as a dependency - all IGs depend on the HL7 Extension Pack"/></extension><uri value="http://hl7.org/fhir/extensions/ImplementationGuide/hl7.fhir.uv.extensions"/><packageId value="hl7.fhir.uv.extensions.r4"/><version value="5.2.0"/></dependsOn><definition><extension url="http://hl7.org/fhir/tools/StructureDefinition/ig-parameter"><extension url="code"><valueString value="copyrightyear"/></extension><extension url="value"><valueString value="2021+"/></extension></extension><extension url="http://hl7.org/fhir/tools/StructureDefinition/ig-parameter"><extension url="code"><valueString value="releaselabel"/></extension><extension url="value"><valueString value="ci-build"/></extension></extension><extension url="http://hl7.org/fhir/tools/StructureDefinition/ig-parameter"><extension url="code"><valueString value="autoload-resources"/></extension><extension url="value"><valueString value="true"/></extension></extension><extension url="http://hl7.org/fhir/tools/StructureDefinition/ig-parameter"><extension url="code"><valueString value="path-liquid"/></extension><extension url="value"><valueString value="template/liquid"/></extension></extension><extension url="http://hl7.org/fhir/tools/StructureDefinition/ig-parameter"><extension url="code"><valueString value="path-liquid"/></extension><extension url="value"><valueString value="input/liquid"/></extension></extension><extension url="http://hl7.org/fhir/tools/StructureDefinition/ig-parameter"><extension url="code"><valueString value="path-qa"/></extension><extension url="value"><valueString value="temp/qa"/></extension></extension><extension url="http://hl7.org/fhir/tools/StructureDefinition/ig-parameter"><extension url="code"><valueString value="path-temp"/></extension><extension url="value"><valueString value="temp/pages"/></extension></extension><extension url="http://hl7.org/fhir/tools/StructureDefinition/ig-parameter"><extension url="code"><valueString value="path-output"/></extension><extension url="value"><valueString value="output"/></extension></extension><extension url="http://hl7.org/fhir/tools/StructureDefinition/ig-parameter"><extension url="code"><valueString value="path-suppressed-warnings"/></extension><extension url="value"><valueString value="input/ignoreWarnings.txt"/></extension></extension><extension url="http://hl7.org/fhir/tools/StructureDefinition/ig-parameter"><extension url="code"><valueString value="path-history"/></extension><extension url="value"><valueString value="https://ths-greifswald.de/fhir/gpas/history.html"/></extension></extension><extension url="http://hl7.org/fhir/tools/StructureDefinition/ig-parameter"><extension url="code"><valueString value="template-html"/></extension><extension url="value"><valueString value="template-page.html"/></extension></extension><extension url="http://hl7.org/fhir/tools/StructureDefinition/ig-parameter"><extension url="code"><valueString value="template-md"/></extension><extension url="value"><valueString value="template-page-md.html"/></extension></extension><extension url="http://hl7.org/fhir/tools/StructureDefinition/ig-parameter"><extension url="code"><valueString value="apply-contact"/></extension><extension url="value"><valueString value="true"/></extension></extension><extension url="http://hl7.org/fhir/tools/StructureDefinition/ig-parameter"><extension url="code"><valueString value="apply-context"/></extension><extension url="value"><valueString value="true"/></extension></extension><extension url="http://hl7.org/fhir/tools/StructureDefinition/ig-parameter"><extension url="code"><valueString value="apply-copyright"/></extension><extension url="value"><valueString value="true"/></extension></extension><extension url="http://hl7.org/fhir/tools/StructureDefinition/ig-parameter"><extension url="code"><valueString value="apply-jurisdiction"/></extension><extension url="value"><valueString value="true"/></extension></extension><extension url="http://hl7.org/fhir/tools/StructureDefinition/ig-parameter"><extension url="code"><valueString value="apply-license"/></extension><extension url="value"><valueString value="true"/></extension></extension><extension url="http://hl7.org/fhir/tools/StructureDefinition/ig-parameter"><extension url="code"><valueString value="apply-publisher"/></extension><extension url="value"><valueString value="true"/></extension></extension><extension url="http://hl7.org/fhir/tools/StructureDefinition/ig-parameter"><extension url="code"><valueString value="apply-version"/></extension><extension url="value"><valueString value="true"/></extension></extension><extension url="http://hl7.org/fhir/tools/StructureDefinition/ig-parameter"><extension url="code"><valueString value="apply-wg"/></extension><extension url="value"><valueString value="true"/></extension></extension><extension url="http://hl7.org/fhir/tools/StructureDefinition/ig-parameter"><extension url="code"><valueString value="active-tables"/></extension><extension url="value"><valueString value="true"/></extension></extension><extension url="http://hl7.org/fhir/tools/StructureDefinition/ig-parameter"><extension url="code"><valueString value="fmm-definition"/></extension><extension url="value"><valueString value="http://hl7.org/fhir/versions.html#maturity"/></extension></extension><extension url="http://hl7.org/fhir/tools/StructureDefinition/ig-parameter"><extension url="code"><valueString value="propagate-status"/></extension><extension url="value"><valueString value="true"/></extension></extension><extension url="http://hl7.org/fhir/tools/StructureDefinition/ig-parameter"><extension url="code"><valueString value="excludelogbinaryformat"/></extension><extension url="value"><valueString value="true"/></extension></extension><extension url="http://hl7.org/fhir/tools/StructureDefinition/ig-parameter"><extension url="code"><valueString value="tabbed-snapshots"/></extension><extension url="value"><valueString value="true"/></extension></extension><extension url="http://hl7.org/fhir/tools/StructureDefinition/ig-internal-dependency"><valueCode value="hl7.fhir.uv.tools.r4#0.8.0"/></extension><extension url="http://hl7.org/fhir/tools/StructureDefinition/ig-parameter"><extension url="code"><valueCode value="copyrightyear"/></extension><extension url="value"><valueString value="2021+"/></extension></extension><extension url="http://hl7.org/fhir/tools/StructureDefinition/ig-parameter"><extension url="code"><valueCode value="releaselabel"/></extension><extension url="value"><valueString value="ci-build"/></extension></extension><extension url="http://hl7.org/fhir/tools/StructureDefinition/ig-parameter"><extension url="code"><valueCode value="autoload-resources"/></extension><extension url="value"><valueString value="true"/></extension></extension><extension url="http://hl7.org/fhir/tools/StructureDefinition/ig-parameter"><extension url="code"><valueCode value="path-liquid"/></extension><extension url="value"><valueString value="template/liquid"/></extension></extension><extension url="http://hl7.org/fhir/tools/StructureDefinition/ig-parameter"><extension url="code"><valueCode value="path-liquid"/></extension><extension url="value"><valueString value="input/liquid"/></extension></extension><extension url="http://hl7.org/fhir/tools/StructureDefinition/ig-parameter"><extension url="code"><valueCode value="path-qa"/></extension><extension url="value"><valueString value="temp/qa"/></extension></extension><extension url="http://hl7.org/fhir/tools/StructureDefinition/ig-parameter"><extension url="code"><valueCode value="path-temp"/></extension><extension url="value"><valueString value="temp/pages"/></extension></extension><extension url="http://hl7.org/fhir/tools/StructureDefinition/ig-parameter"><extension url="code"><valueCode value="path-output"/></extension><extension url="value"><valueString value="output"/></extension></extension><extension url="http://hl7.org/fhir/tools/StructureDefinition/ig-parameter"><extension url="code"><valueCode value="path-suppressed-warnings"/></extension><extension url="value"><valueString value="input/ignoreWarnings.txt"/></extension></extension><extension url="http://hl7.org/fhir/tools/StructureDefinition/ig-parameter"><extension url="code"><valueCode value="path-history"/></extension><extension url="value"><valueString value="https://ths-greifswald.de/fhir/gpas/history.html"/></extension></extension><extension url="http://hl7.org/fhir/tools/StructureDefinition/ig-parameter"><extension url="code"><valueCode value="template-html"/></extension><extension url="value"><valueString value="template-page.html"/></extension></extension><extension url="http://hl7.org/fhir/tools/StructureDefinition/ig-parameter"><extension url="code"><valueCode value="template-md"/></extension><extension url="value"><valueString value="template-page-md.html"/></extension></extension><extension url="http://hl7.org/fhir/tools/StructureDefinition/ig-parameter"><extension url="code"><valueCode value="apply-contact"/></extension><extension url="value"><valueString value="true"/></extension></extension><extension url="http://hl7.org/fhir/tools/StructureDefinition/ig-parameter"><extension url="code"><valueCode value="apply-context"/></extension><extension url="value"><valueString value="true"/></extension></extension><extension url="http://hl7.org/fhir/tools/StructureDefinition/ig-parameter"><extension url="code"><valueCode value="apply-copyright"/></extension><extension url="value"><valueString value="true"/></extension></extension><extension url="http://hl7.org/fhir/tools/StructureDefinition/ig-parameter"><extension url="code"><valueCode value="apply-jurisdiction"/></extension><extension url="value"><valueString value="true"/></extension></extension><extension url="http://hl7.org/fhir/tools/StructureDefinition/ig-parameter"><extension url="code"><valueCode value="apply-license"/></extension><extension url="value"><valueString value="true"/></extension></extension><extension url="http://hl7.org/fhir/tools/StructureDefinition/ig-parameter"><extension url="code"><valueCode value="apply-publisher"/></extension><extension url="value"><valueString value="true"/></extension></extension><extension url="http://hl7.org/fhir/tools/StructureDefinition/ig-parameter"><extension url="code"><valueCode value="apply-version"/></extension><extension url="value"><valueString value="true"/></extension></extension><extension url="http://hl7.org/fhir/tools/StructureDefinition/ig-parameter"><extension url="code"><valueCode value="apply-wg"/></extension><extension url="value"><valueString value="true"/></extension></extension><extension url="http://hl7.org/fhir/tools/StructureDefinition/ig-parameter"><extension url="code"><valueCode value="active-tables"/></extension><extension url="value"><valueString value="true"/></extension></extension><extension url="http://hl7.org/fhir/tools/StructureDefinition/ig-parameter"><extension url="code"><valueCode value="fmm-definition"/></extension><extension url="value"><valueString value="http://hl7.org/fhir/versions.html#maturity"/></extension></extension><extension url="http://hl7.org/fhir/tools/StructureDefinition/ig-parameter"><extension url="code"><valueCode value="propagate-status"/></extension><extension url="value"><valueString value="true"/></extension></extension><extension url="http://hl7.org/fhir/tools/StructureDefinition/ig-parameter"><extension url="code"><valueCode value="excludelogbinaryformat"/></extension><extension url="value"><valueString value="true"/></extension></extension><extension url="http://hl7.org/fhir/tools/StructureDefinition/ig-parameter"><extension url="code"><valueCode value="tabbed-snapshots"/></extension><extension url="value"><valueString value="true"/></extension></extension><extension url="http://hl7.org/fhir/tools/StructureDefinition/ig-parameter"><extension url="code"><valueCode value="copyrightyear"/></extension><extension url="value"><valueString value="2021+"/></extension></extension><extension url="http://hl7.org/fhir/tools/StructureDefinition/ig-parameter"><extension url="code"><valueCode value="releaselabel"/></extension><extension url="value"><valueString value="ci-build"/></extension></extension><extension url="http://hl7.org/fhir/tools/StructureDefinition/ig-parameter"><extension url="code"><valueCode value="autoload-resources"/></extension><extension url="value"><valueString value="true"/></extension></extension><extension url="http://hl7.org/fhir/tools/StructureDefinition/ig-parameter"><extension url="code"><valueCode value="path-liquid"/></extension><extension url="value"><valueString value="template/liquid"/></extension></extension><extension url="http://hl7.org/fhir/tools/StructureDefinition/ig-parameter"><extension url="code"><valueCode value="path-liquid"/></extension><extension url="value"><valueString value="input/liquid"/></extension></extension><extension url="http://hl7.org/fhir/tools/StructureDefinition/ig-parameter"><extension url="code"><valueCode value="path-qa"/></extension><extension url="value"><valueString value="temp/qa"/></extension></extension><extension url="http://hl7.org/fhir/tools/StructureDefinition/ig-parameter"><extension url="code"><valueCode value="path-temp"/></extension><extension url="value"><valueString value="temp/pages"/></extension></extension><extension url="http://hl7.org/fhir/tools/StructureDefinition/ig-parameter"><extension url="code"><valueCode value="path-output"/></extension><extension url="value"><valueString value="output"/></extension></extension><extension url="http://hl7.org/fhir/tools/StructureDefinition/ig-parameter"><extension url="code"><valueCode value="path-suppressed-warnings"/></extension><extension url="value"><valueString value="input/ignoreWarnings.txt"/></extension></extension><extension url="http://hl7.org/fhir/tools/StructureDefinition/ig-parameter"><extension url="code"><valueCode value="path-history"/></extension><extension url="value"><valueString value="https://ths-greifswald.de/fhir/gpas/history.html"/></extension></extension><extension url="http://hl7.org/fhir/tools/StructureDefinition/ig-parameter"><extension url="code"><valueCode value="template-html"/></extension><extension url="value"><valueString value="template-page.html"/></extension></extension><extension url="http://hl7.org/fhir/tools/StructureDefinition/ig-parameter"><extension url="code"><valueCode value="template-md"/></extension><extension url="value"><valueString value="template-page-md.html"/></extension></extension><extension url="http://hl7.org/fhir/tools/StructureDefinition/ig-parameter"><extension url="code"><valueCode value="apply-contact"/></extension><extension url="value"><valueString value="true"/></extension></extension><extension url="http://hl7.org/fhir/tools/StructureDefinition/ig-parameter"><extension url="code"><valueCode value="apply-context"/></extension><extension url="value"><valueString value="true"/></extension></extension><extension url="http://hl7.org/fhir/tools/StructureDefinition/ig-parameter"><extension url="code"><valueCode value="apply-copyright"/></extension><extension url="value"><valueString value="true"/></extension></extension><extension url="http://hl7.org/fhir/tools/StructureDefinition/ig-parameter"><extension url="code"><valueCode value="apply-jurisdiction"/></extension><extension url="value"><valueString value="true"/></extension></extension><extension url="http://hl7.org/fhir/tools/StructureDefinition/ig-parameter"><extension url="code"><valueCode value="apply-license"/></extension><extension url="value"><valueString value="true"/></extension></extension><extension url="http://hl7.org/fhir/tools/StructureDefinition/ig-parameter"><extension url="code"><valueCode value="apply-publisher"/></extension><extension url="value"><valueString value="true"/></extension></extension><extension url="http://hl7.org/fhir/tools/StructureDefinition/ig-parameter"><extension url="code"><valueCode value="apply-version"/></extension><extension url="value"><valueString value="true"/></extension></extension><extension url="http://hl7.org/fhir/tools/StructureDefinition/ig-parameter"><extension url="code"><valueCode value="apply-wg"/></extension><extension url="value"><valueString value="true"/></extension></extension><extension url="http://hl7.org/fhir/tools/StructureDefinition/ig-parameter"><extension url="code"><valueCode value="active-tables"/></extension><extension url="value"><valueString value="true"/></extension></extension><extension url="http://hl7.org/fhir/tools/StructureDefinition/ig-parameter"><extension url="code"><valueCode value="fmm-definition"/></extension><extension url="value"><valueString value="http://hl7.org/fhir/versions.html#maturity"/></extension></extension><extension url="http://hl7.org/fhir/tools/StructureDefinition/ig-parameter"><extension url="code"><valueCode value="propagate-status"/></extension><extension url="value"><valueString value="true"/></extension></extension><extension url="http://hl7.org/fhir/tools/StructureDefinition/ig-parameter"><extension url="code"><valueCode value="excludelogbinaryformat"/></extension><extension url="value"><valueString value="true"/></extension></extension><extension url="http://hl7.org/fhir/tools/StructureDefinition/ig-parameter"><extension url="code"><valueCode value="tabbed-snapshots"/></extension><extension url="value"><valueString value="true"/></extension></extension><grouping id="-dyn-operationdefinition"><name value="Behavior: Operation Definitions"/><description value="These are custom operations that can be supported by and/or invoked by systems conforming to this implementation guide."/></grouping><grouping id="-term-valueset"><name value="Terminology: Value Sets"/><description value="These define sets of codes used by systems conforming to this implementation guide."/></grouping><grouping id="-term-codesystem"><name value="Terminology: Code Systems"/><description value="These define new code systems used by systems conforming to this implementation guide."/></grouping><grouping id="-ex-example"><name value="Example: Example Instances"/><description value="These are example instances that show what data produced and consumed by systems conforming with this implementation guide might look like."/></grouping><resource><extension url="http://hl7.org/fhir/tools/StructureDefinition/resource-sort"><valueInteger value="999999999"/></extension><extension url="http://hl7.org/fhir/StructureDefinition/implementationguide-page"><valueUri value="OperationDefinition-AnonymizeOriginals.html"/></extension><reference><reference value="OperationDefinition/AnonymizeOriginals"/></reference><name value="anonymizeOriginals"/><description value="Anonymisiert eine gegebene Liste von 1-n Originalwerten innerhalb der angegebenen Domäne. Dabei wird der Bezug von Originalwert und Pseudonym dauerhaft únd irreversibel gelöscht."/><exampleBoolean value="false"/><groupingId value="-dyn-operationdefinition"/></resource><resource><extension url="http://hl7.org/fhir/tools/StructureDefinition/resource-sort"><valueInteger value="999999999"/></extension><extension url="http://hl7.org/fhir/StructureDefinition/implementationguide-page"><valueUri value="OperationDefinition-DePseudonymize.html"/></extension><reference><reference value="OperationDefinition/DePseudonymize"/></reference><name value="dePseudonymize"/><description value="Abfrage je eines Originalwertes für eine Liste von 1-n Pseudonymen und eine spezifische Domäne."/><exampleBoolean value="false"/><groupingId value="-dyn-operationdefinition"/></resource><resource><extension url="http://hl7.org/fhir/tools/StructureDefinition/resource-sort"><valueInteger value="999999999"/></extension><extension url="http://hl7.org/fhir/StructureDefinition/implementationguide-page"><valueUri value="OperationDefinition-DeletePseudonyms.html"/></extension><reference><reference value="OperationDefinition/DeletePseudonyms"/></reference><name value="deletePseudonyms"/><exampleBoolean value="false"/><groupingId value="-dyn-operationdefinition"/></resource><resource><extension url="http://hl7.org/fhir/tools/StructureDefinition/resource-sort"><valueInteger value="999999999"/></extension><extension url="http://hl7.org/fhir/StructureDefinition/implementationguide-page"><valueUri value="OperationDefinition-InsertValuePseudonymPairs.html"/></extension><reference><reference value="OperationDefinition/InsertValuePseudonymPairs"/></reference><name value="insertValuePseudonymPairs"/><description value="Fügt ein Wertepaar bestehend aus Originalwert und Pseudonym in eine vorkonfigurierte Domäne ein, z.B. für die Migration von Bestandspseudonymen"/><exampleBoolean value="false"/><groupingId value="-dyn-operationdefinition"/></resource><resource><extension url="http://hl7.org/fhir/tools/StructureDefinition/resource-sort"><valueInteger value="999999999"/></extension><extension url="http://hl7.org/fhir/StructureDefinition/implementationguide-page"><valueUri value="OperationDefinition-Pseudonymize.html"/></extension><reference><reference value="OperationDefinition/Pseudonymize"/></reference><name value="pseudonymize"/><description value="Abfrage je eines Pseudonym-Wertes für eine gegebene Liste von 1-n Originalwerten und eine spezifische Domäne."/><exampleBoolean value="false"/><groupingId value="-dyn-operationdefinition"/></resource><resource><extension url="http://hl7.org/fhir/tools/StructureDefinition/resource-sort"><valueInteger value="999999999"/></extension><extension url="http://hl7.org/fhir/StructureDefinition/implementationguide-page"><valueUri value="OperationDefinition-PseudonymizeSecondary.html"/></extension><reference><reference value="OperationDefinition/PseudonymizeSecondary"/></reference><name value="pseudonymize-secondary"/><description value="Erzeugung einer spezifischen Anzahl von Pseudonymen in einem vorhandenen Pseudonymisierungskontext bei gleichzeitiger Zuordnung zum übermittelten Originalwert."/><exampleBoolean value="false"/><groupingId value="-dyn-operationdefinition"/></resource><resource><extension url="http://hl7.org/fhir/tools/StructureDefinition/resource-sort"><valueInteger value="999999999"/></extension><extension url="http://hl7.org/fhir/StructureDefinition/implementationguide-page"><valueUri value="OperationDefinition-PseudonymizeAllowCreate.html"/></extension><reference><reference value="OperationDefinition/PseudonymizeAllowCreate"/></reference><name value="pseudonymizeAllowCreate"/><description value="Generierung je eines Pseudonyms für eine Liste von Originalwerten und eine spezifische Domäne sofern es noch nicht vorhanden ist. Sofern die Zuordnung Originalwert und Domäne bereits bekannt ist, wird das zugeordnete vorhandene Pseudonym zurückgegeben."/><exampleBoolean value="false"/><groupingId value="-dyn-operationdefinition"/></resource><resource><extension url="http://hl7.org/fhir/tools/StructureDefinition/resource-sort"><valueInteger value="999999999"/></extension><extension url="http://hl7.org/fhir/StructureDefinition/implementationguide-page"><valueUri value="ValueSet-BloomfilterTypeVS.html"/></extension><reference><reference value="ValueSet/BloomfilterTypeVS"/></reference><name value="BloomfilterType"/><exampleBoolean value="false"/><groupingId value="-term-valueset"/></resource><resource><extension url="http://hl7.org/fhir/tools/StructureDefinition/resource-sort"><valueInteger value="999999999"/></extension><extension url="http://hl7.org/fhir/StructureDefinition/implementationguide-page"><valueUri value="ValueSet-ConsentComponentTypeVS.html"/></extension><reference><reference value="ValueSet/ConsentComponentTypeVS"/></reference><name value="ConsentComponentType"/><exampleBoolean value="false"/><groupingId value="-term-valueset"/></resource><resource><extension url="http://hl7.org/fhir/tools/StructureDefinition/resource-sort"><valueInteger value="999999999"/></extension><extension url="http://hl7.org/fhir/StructureDefinition/implementationguide-page"><valueUri value="ValueSet-ConsentPolicyActionVS.html"/></extension><reference><reference value="ValueSet/ConsentPolicyActionVS"/></reference><name value="ConsentPolicyAction"/><exampleBoolean value="false"/><groupingId value="-term-valueset"/></resource><resource><extension url="http://hl7.org/fhir/tools/StructureDefinition/resource-sort"><valueInteger value="999999999"/></extension><extension url="http://hl7.org/fhir/StructureDefinition/implementationguide-page"><valueUri value="ValueSet-ConsentPolicyActorVS.html"/></extension><reference><reference value="ValueSet/ConsentPolicyActorVS"/></reference><name value="ConsentPolicyActor"/><exampleBoolean value="false"/><groupingId value="-term-valueset"/></resource><resource><extension url="http://hl7.org/fhir/tools/StructureDefinition/resource-sort"><valueInteger value="999999999"/></extension><extension url="http://hl7.org/fhir/StructureDefinition/implementationguide-page"><valueUri value="ValueSet-ConsentPolicyClassVS.html"/></extension><reference><reference value="ValueSet/ConsentPolicyClassVS"/></reference><name value="ConsentPolicyClass"/><exampleBoolean value="false"/><groupingId value="-term-valueset"/></resource><resource><extension url="http://hl7.org/fhir/tools/StructureDefinition/resource-sort"><valueInteger value="999999999"/></extension><extension url="http://hl7.org/fhir/StructureDefinition/implementationguide-page"><valueUri value="ValueSet-ConsentPolicyPurposeVS.html"/></extension><reference><reference value="ValueSet/ConsentPolicyPurposeVS"/></reference><name value="ConsentPolicyPurpose"/><exampleBoolean value="false"/><groupingId value="-term-valueset"/></resource><resource><extension url="http://hl7.org/fhir/tools/StructureDefinition/resource-sort"><valueInteger value="999999999"/></extension><extension url="http://hl7.org/fhir/StructureDefinition/implementationguide-page"><valueUri value="ValueSet-ConsentStatusVS.html"/></extension><reference><reference value="ValueSet/ConsentStatusVS"/></reference><name value="ConsentStatus"/><exampleBoolean value="false"/><groupingId value="-term-valueset"/></resource><resource><extension url="http://hl7.org/fhir/tools/StructureDefinition/resource-sort"><valueInteger value="999999999"/></extension><extension url="http://hl7.org/fhir/StructureDefinition/implementationguide-page"><valueUri value="ValueSet-ConsentStatusConsentFullValuesVS.html"/></extension><reference><reference value="ValueSet/ConsentStatusConsentFullValuesVS"/></reference><name value="ConsentStatusConsentFullValues"/><exampleBoolean value="false"/><groupingId value="-term-valueset"/></resource><resource><extension url="http://hl7.org/fhir/tools/StructureDefinition/resource-sort"><valueInteger value="999999999"/></extension><extension url="http://hl7.org/fhir/StructureDefinition/implementationguide-page"><valueUri value="ValueSet-ConsentStatusConsentOptOutFullValuesVS.html"/></extension><reference><reference value="ValueSet/ConsentStatusConsentOptOutFullValuesVS"/></reference><name value="ConsentStatusConsentOptOutFullValues"/><exampleBoolean value="false"/><groupingId value="-term-valueset"/></resource><resource><extension url="http://hl7.org/fhir/tools/StructureDefinition/resource-sort"><valueInteger value="999999999"/></extension><extension url="http://hl7.org/fhir/StructureDefinition/implementationguide-page"><valueUri value="ValueSet-ConsentStatusConsentOptOutShortValuesVS.html"/></extension><reference><reference value="ValueSet/ConsentStatusConsentOptOutShortValuesVS"/></reference><name value="ConsentStatusConsentOptOutShortValues"/><exampleBoolean value="false"/><groupingId value="-term-valueset"/></resource><resource><extension url="http://hl7.org/fhir/tools/StructureDefinition/resource-sort"><valueInteger value="999999999"/></extension><extension url="http://hl7.org/fhir/StructureDefinition/implementationguide-page"><valueUri value="ValueSet-ConsentStatusConsentShortValuesVS.html"/></extension><reference><reference value="ValueSet/ConsentStatusConsentShortValuesVS"/></reference><name value="ConsentStatusConsentShortValues"/><exampleBoolean value="false"/><groupingId value="-term-valueset"/></resource><resource><extension url="http://hl7.org/fhir/tools/StructureDefinition/resource-sort"><valueInteger value="999999999"/></extension><extension url="http://hl7.org/fhir/StructureDefinition/implementationguide-page"><valueUri value="ValueSet-ConsentStatusObjectionFullValuesVS.html"/></extension><reference><reference value="ValueSet/ConsentStatusObjectionFullValuesVS"/></reference><name value="ConsentStatusObjectionFullValues"/><exampleBoolean value="false"/><groupingId value="-term-valueset"/></resource><resource><extension url="http://hl7.org/fhir/tools/StructureDefinition/resource-sort"><valueInteger value="999999999"/></extension><extension url="http://hl7.org/fhir/StructureDefinition/implementationguide-page"><valueUri value="ValueSet-ConsentStatusObjectionShortValuesVS.html"/></extension><reference><reference value="ValueSet/ConsentStatusObjectionShortValuesVS"/></reference><name value="ConsentStatusObjectionShortValues"/><exampleBoolean value="false"/><groupingId value="-term-valueset"/></resource><resource><extension url="http://hl7.org/fhir/tools/StructureDefinition/resource-sort"><valueInteger value="999999999"/></extension><extension url="http://hl7.org/fhir/StructureDefinition/implementationguide-page"><valueUri value="ValueSet-ConsentStatusRefusalFullValuesVS.html"/></extension><reference><reference value="ValueSet/ConsentStatusRefusalFullValuesVS"/></reference><name value="ConsentStatusRefusalFullValues"/><exampleBoolean value="false"/><groupingId value="-term-valueset"/></resource><resource><extension url="http://hl7.org/fhir/tools/StructureDefinition/resource-sort"><valueInteger value="999999999"/></extension><extension url="http://hl7.org/fhir/StructureDefinition/implementationguide-page"><valueUri value="ValueSet-ConsentStatusRefusalShortValuesVS.html"/></extension><reference><reference value="ValueSet/ConsentStatusRefusalShortValuesVS"/></reference><name value="ConsentStatusRefusalShortValues"/><exampleBoolean value="false"/><groupingId value="-term-valueset"/></resource><resource><extension url="http://hl7.org/fhir/tools/StructureDefinition/resource-sort"><valueInteger value="999999999"/></extension><extension url="http://hl7.org/fhir/StructureDefinition/implementationguide-page"><valueUri value="ValueSet-ConsentStatusWithdrawalFullValuesVS.html"/></extension><reference><reference value="ValueSet/ConsentStatusWithdrawalFullValuesVS"/></reference><name value="ConsentStatusWithdrawalFullValues"/><exampleBoolean value="false"/><groupingId value="-term-valueset"/></resource><resource><extension url="http://hl7.org/fhir/tools/StructureDefinition/resource-sort"><valueInteger value="999999999"/></extension><extension url="http://hl7.org/fhir/StructureDefinition/implementationguide-page"><valueUri value="ValueSet-ConsentStatusWithdrawalShortValuesVS.html"/></extension><reference><reference value="ValueSet/ConsentStatusWithdrawalShortValuesVS"/></reference><name value="ConsentStatusWithdrawalShortValues"/><exampleBoolean value="false"/><groupingId value="-term-valueset"/></resource><resource><extension url="http://hl7.org/fhir/tools/StructureDefinition/resource-sort"><valueInteger value="999999999"/></extension><extension url="http://hl7.org/fhir/StructureDefinition/implementationguide-page"><valueUri value="ValueSet-IdMatchingTypeVS.html"/></extension><reference><reference value="ValueSet/IdMatchingTypeVS"/></reference><name value="IdMatchingType"/><exampleBoolean value="false"/><groupingId value="-term-valueset"/></resource><resource><extension url="http://hl7.org/fhir/tools/StructureDefinition/resource-sort"><valueInteger value="999999999"/></extension><extension url="http://hl7.org/fhir/StructureDefinition/implementationguide-page"><valueUri value="ValueSet-IdatElementsVS.html"/></extension><reference><reference value="ValueSet/IdatElementsVS"/></reference><name value="IdatElements"/><exampleBoolean value="false"/><groupingId value="-term-valueset"/></resource><resource><extension url="http://hl7.org/fhir/tools/StructureDefinition/resource-sort"><valueInteger value="999999999"/></extension><extension url="http://hl7.org/fhir/StructureDefinition/implementationguide-page"><valueUri value="ValueSet-MatchStatusVS.html"/></extension><reference><reference value="ValueSet/MatchStatusVS"/></reference><name value="MatchStatus"/><exampleBoolean value="false"/><groupingId value="-term-valueset"/></resource><resource><extension url="http://hl7.org/fhir/tools/StructureDefinition/resource-sort"><valueInteger value="999999999"/></extension><extension url="http://hl7.org/fhir/StructureDefinition/implementationguide-page"><valueUri value="ValueSet-PolicyVS.html"/></extension><reference><reference value="ValueSet/PolicyVS"/></reference><name value="Policy"/><exampleBoolean value="false"/><groupingId value="-term-valueset"/></resource><resource><extension url="http://hl7.org/fhir/tools/StructureDefinition/resource-sort"><valueInteger value="999999999"/></extension><extension url="http://hl7.org/fhir/StructureDefinition/implementationguide-page"><valueUri value="ValueSet-PolicyStatusVS.html"/></extension><reference><reference value="ValueSet/PolicyStatusVS"/></reference><name value="PolicyStatus"/><exampleBoolean value="false"/><groupingId value="-term-valueset"/></resource><resource><extension url="http://hl7.org/fhir/tools/StructureDefinition/resource-sort"><valueInteger value="999999999"/></extension><extension url="http://hl7.org/fhir/StructureDefinition/implementationguide-page"><valueUri value="ValueSet-SaveActionVS.html"/></extension><reference><reference value="ValueSet/SaveActionVS"/></reference><name value="SaveAction"/><exampleBoolean value="false"/><groupingId value="-term-valueset"/></resource><resource><extension url="http://hl7.org/fhir/tools/StructureDefinition/resource-sort"><valueInteger value="999999999"/></extension><extension url="http://hl7.org/fhir/StructureDefinition/implementationguide-page"><valueUri value="CodeSystem-BloomfilterTypeCS.html"/></extension><reference><reference value="CodeSystem/BloomfilterTypeCS"/></reference><name value="BloomfilterType"/><description value="Types of Bloomfilters."/><exampleBoolean value="false"/><groupingId value="-term-codesystem"/></resource><resource><extension url="http://hl7.org/fhir/tools/StructureDefinition/resource-sort"><valueInteger value="999999999"/></extension><extension url="http://hl7.org/fhir/StructureDefinition/implementationguide-page"><valueUri value="CodeSystem-ConsentComponentTypeCS.html"/></extension><reference><reference value="CodeSystem/ConsentComponentTypeCS"/></reference><name value="ConsentComponentType"/><description value="Typen der für gICS relevanten Consent-Componenten zur Unterscheidung als Suchkriterium"/><exampleBoolean value="false"/><groupingId value="-term-codesystem"/></resource><resource><extension url="http://hl7.org/fhir/tools/StructureDefinition/resource-sort"><valueInteger value="999999999"/></extension><extension url="http://hl7.org/fhir/StructureDefinition/implementationguide-page"><valueUri value="CodeSystem-ConsentPolicyActionCS.html"/></extension><reference><reference value="CodeSystem/ConsentPolicyActionCS"/></reference><name value="ConsentPolicyAction"/><description value="Extensible description of the permissible (data processing-) action resulting from consented module or policy."/><exampleBoolean value="false"/><groupingId value="-term-codesystem"/></resource><resource><extension url="http://hl7.org/fhir/tools/StructureDefinition/resource-sort"><valueInteger value="999999999"/></extension><extension url="http://hl7.org/fhir/StructureDefinition/implementationguide-page"><valueUri value="CodeSystem-ConsentPolicyActorCS.html"/></extension><reference><reference value="CodeSystem/ConsentPolicyActorCS"/></reference><name value="ConsentPolicyActor"/><description value="Expandable categorisation of consumer/requestor of a consent enforcement request  related to a specific consent component (e.g. policy or module)"/><exampleBoolean value="false"/><groupingId value="-term-codesystem"/></resource><resource><extension url="http://hl7.org/fhir/tools/StructureDefinition/resource-sort"><valueInteger value="999999999"/></extension><extension url="http://hl7.org/fhir/StructureDefinition/implementationguide-page"><valueUri value="CodeSystem-ConsentPolicyClassCS.html"/></extension><reference><reference value="CodeSystem/ConsentPolicyClassCS"/></reference><name value="ConsentPolicyClass"/><description value="Extensible description of the application perspective of a ConsentPolicy (e.g. selected data view 'IDAT')"/><exampleBoolean value="false"/><groupingId value="-term-codesystem"/></resource><resource><extension url="http://hl7.org/fhir/tools/StructureDefinition/resource-sort"><valueInteger value="999999999"/></extension><extension url="http://hl7.org/fhir/StructureDefinition/implementationguide-page"><valueUri value="CodeSystem-ConsentPolicyPurposeCS.html"/></extension><reference><reference value="CodeSystem/ConsentPolicyPurposeCS"/></reference><name value="ConsentPolicyPurpose"/><description value="Expandable specification of the application context and/or scope of a consent policy or module"/><exampleBoolean value="false"/><groupingId value="-term-codesystem"/></resource><resource><extension url="http://hl7.org/fhir/tools/StructureDefinition/resource-sort"><valueInteger value="999999999"/></extension><extension url="http://hl7.org/fhir/StructureDefinition/implementationguide-page"><valueUri value="CodeSystem-ConsentStatusCS.html"/></extension><reference><reference value="CodeSystem/ConsentStatusCS"/></reference><name value="ConsentStatus"/><description value=" consent states are used to depict the participant’s will. Therefore, documentation should allow different status values. Further details from https://doi.org/10.1186/s12967-020-02457-y"/><exampleBoolean value="false"/><groupingId value="-term-codesystem"/></resource><resource><extension url="http://hl7.org/fhir/tools/StructureDefinition/resource-sort"><valueInteger value="999999999"/></extension><extension url="http://hl7.org/fhir/StructureDefinition/implementationguide-page"><valueUri value="CodeSystem-DesignationUseCS.html"/></extension><reference><reference value="CodeSystem/DesignationUseCS"/></reference><name value="DesignationUse"/><description value="Use codes (contexts) for terminology designations"/><exampleBoolean value="false"/><groupingId value="-term-codesystem"/></resource><resource><extension url="http://hl7.org/fhir/tools/StructureDefinition/resource-sort"><valueInteger value="999999999"/></extension><extension url="http://hl7.org/fhir/StructureDefinition/implementationguide-page"><valueUri value="CodeSystem-IdMatchingTypeCS.html"/></extension><reference><reference value="CodeSystem/IdMatchingTypeCS"/></reference><name value="IdMatchingType"/><description value="ID matching types used in consent management"/><exampleBoolean value="false"/><groupingId value="-term-codesystem"/></resource><resource><extension url="http://hl7.org/fhir/tools/StructureDefinition/resource-sort"><valueInteger value="999999999"/></extension><extension url="http://hl7.org/fhir/StructureDefinition/implementationguide-page"><valueUri value="CodeSystem-IdatElementsCS.html"/></extension><reference><reference value="CodeSystem/IdatElementsCS"/></reference><name value="IdatElements"/><description value="Element names for use in $requestTasks operation."/><exampleBoolean value="false"/><groupingId value="-term-codesystem"/></resource><resource><extension url="http://hl7.org/fhir/tools/StructureDefinition/resource-sort"><valueInteger value="999999999"/></extension><extension url="http://hl7.org/fhir/StructureDefinition/implementationguide-page"><valueUri value="CodeSystem-MatchStatusCS.html"/></extension><reference><reference value="CodeSystem/MatchStatusCS"/></reference><name value="MatchStatus"/><description value="Possible match statuses in the context of adding patient identities."/><exampleBoolean value="false"/><groupingId value="-term-codesystem"/></resource><resource><extension url="http://hl7.org/fhir/tools/StructureDefinition/resource-sort"><valueInteger value="999999999"/></extension><extension url="http://hl7.org/fhir/StructureDefinition/implementationguide-page"><valueUri value="CodeSystem-PolicyCS.html"/></extension><reference><reference value="CodeSystem/PolicyCS"/></reference><name value="Policy"/><description value="Policies used in consent management"/><exampleBoolean value="false"/><groupingId value="-term-codesystem"/></resource><resource><extension url="http://hl7.org/fhir/tools/StructureDefinition/resource-sort"><valueInteger value="999999999"/></extension><extension url="http://hl7.org/fhir/StructureDefinition/implementationguide-page"><valueUri value="CodeSystem-SaveActionCS.html"/></extension><reference><reference value="CodeSystem/SaveActionCS"/></reference><name value="SaveAction"/><description value="Possible save actions in the context of adding patient identities."/><exampleBoolean value="false"/><groupingId value="-term-codesystem"/></resource><resource><extension url="http://hl7.org/fhir/tools/StructureDefinition/resource-sort"><valueInteger value="999999999"/></extension><extension url="http://hl7.org/fhir/StructureDefinition/implementationguide-page"><valueUri value="Parameters-Parameters-AnonymizeOriginals-request-example-1.html"/></extension><reference><reference value="Parameters/Parameters-AnonymizeOriginals-request-example-1"/></reference><name value="Parameters-AnonymizeOriginals-request-example-1"/><exampleBoolean value="true"/><groupingId value="-ex-example"/></resource><resource><extension url="http://hl7.org/fhir/tools/StructureDefinition/resource-sort"><valueInteger value="999999999"/></extension><extension url="http://hl7.org/fhir/StructureDefinition/implementationguide-page"><valueUri value="Parameters-Parameters-AnonymizeOriginals-response-example-1.html"/></extension><reference><reference value="Parameters/Parameters-AnonymizeOriginals-response-example-1"/></reference><name value="Parameters-AnonymizeOriginals-response-example-1"/><exampleBoolean value="true"/><groupingId value="-ex-example"/></resource><resource><extension url="http://hl7.org/fhir/tools/StructureDefinition/resource-sort"><valueInteger value="999999999"/></extension><extension url="http://hl7.org/fhir/StructureDefinition/implementationguide-page"><valueUri value="Parameters-Parameters-DePseudonymize-request-example-1.html"/></extension><reference><reference value="Parameters/Parameters-DePseudonymize-request-example-1"/></reference><name value="Parameters-DePseudonymize-request-example-1"/><exampleBoolean value="true"/><groupingId value="-ex-example"/></resource><resource><extension url="http://hl7.org/fhir/tools/StructureDefinition/resource-sort"><valueInteger value="999999999"/></extension><extension url="http://hl7.org/fhir/StructureDefinition/implementationguide-page"><valueUri value="Parameters-Parameters-DePseudonymize-response-example-1.html"/></extension><reference><reference value="Parameters/Parameters-DePseudonymize-response-example-1"/></reference><name value="Parameters-DePseudonymize-response-example-1"/><exampleBoolean value="true"/><groupingId value="-ex-example"/></resource><resource><extension url="http://hl7.org/fhir/tools/StructureDefinition/resource-sort"><valueInteger value="999999999"/></extension><extension url="http://hl7.org/fhir/StructureDefinition/implementationguide-page"><valueUri value="Parameters-Parameters-DePseudonymize-response-example-2.html"/></extension><reference><reference value="Parameters/Parameters-DePseudonymize-response-example-2"/></reference><name value="Parameters-DePseudonymize-response-example-2"/><exampleBoolean value="true"/><groupingId value="-ex-example"/></resource><resource><extension url="http://hl7.org/fhir/tools/StructureDefinition/resource-sort"><valueInteger value="999999999"/></extension><extension url="http://hl7.org/fhir/StructureDefinition/implementationguide-page"><valueUri value="Parameters-Parameters-DeletePseudonyms-request-example-1.html"/></extension><reference><reference value="Parameters/Parameters-DeletePseudonyms-request-example-1"/></reference><name value="Parameters-DeletePseudonyms-request-example-1"/><exampleBoolean value="true"/><groupingId value="-ex-example"/></resource><resource><extension url="http://hl7.org/fhir/tools/StructureDefinition/resource-sort"><valueInteger value="999999999"/></extension><extension url="http://hl7.org/fhir/StructureDefinition/implementationguide-page"><valueUri value="Parameters-Parameters-DeletePseudonyms-response-example-1.html"/></extension><reference><reference value="Parameters/Parameters-DeletePseudonyms-response-example-1"/></reference><name value="Parameters-DeletePseudonyms-response-example-1"/><exampleBoolean value="true"/><groupingId value="-ex-example"/></resource><resource><extension url="http://hl7.org/fhir/tools/StructureDefinition/resource-sort"><valueInteger value="999999999"/></extension><extension url="http://hl7.org/fhir/StructureDefinition/implementationguide-page"><valueUri value="Parameters-Parameters-InsertValuePseudonymPairs-request-example-1.html"/></extension><reference><reference value="Parameters/Parameters-InsertValuePseudonymPairs-request-example-1"/></reference><name value="Parameters-InsertValuePseudonymPairs-request-example-1"/><exampleBoolean value="true"/><groupingId value="-ex-example"/></resource><resource><extension url="http://hl7.org/fhir/tools/StructureDefinition/resource-sort"><valueInteger value="999999999"/></extension><extension url="http://hl7.org/fhir/StructureDefinition/implementationguide-page"><valueUri value="Parameters-Parameters-InsertValuePseudonymPairs-response-example-1.html"/></extension><reference><reference value="Parameters/Parameters-InsertValuePseudonymPairs-response-example-1"/></reference><name value="Parameters-InsertValuePseudonymPairs-response-example-1"/><exampleBoolean value="true"/><groupingId value="-ex-example"/></resource><resource><extension url="http://hl7.org/fhir/tools/StructureDefinition/resource-sort"><valueInteger value="999999999"/></extension><extension url="http://hl7.org/fhir/StructureDefinition/implementationguide-page"><valueUri value="Parameters-Parameters-InsertValuePseudonymPairs-response-example-2.html"/></extension><reference><reference value="Parameters/Parameters-InsertValuePseudonymPairs-response-example-2"/></reference><name value="Parameters-InsertValuePseudonymPairs-response-example-2"/><exampleBoolean value="true"/><groupingId value="-ex-example"/></resource><resource><extension url="http://hl7.org/fhir/tools/StructureDefinition/resource-sort"><valueInteger value="999999999"/></extension><extension url="http://hl7.org/fhir/StructureDefinition/implementationguide-page"><valueUri value="Parameters-Parameters-Pseudonymize-request-example-1.html"/></extension><reference><reference value="Parameters/Parameters-Pseudonymize-request-example-1"/></reference><name value="Parameters-Pseudonymize-request-example-1"/><exampleBoolean value="true"/><groupingId value="-ex-example"/></resource><resource><extension url="http://hl7.org/fhir/tools/StructureDefinition/resource-sort"><valueInteger value="999999999"/></extension><extension url="http://hl7.org/fhir/StructureDefinition/implementationguide-page"><valueUri value="Parameters-Parameters-Pseudonymize-response-example-1.html"/></extension><reference><reference value="Parameters/Parameters-Pseudonymize-response-example-1"/></reference><name value="Parameters-Pseudonymize-response-example-1"/><exampleBoolean value="true"/><groupingId value="-ex-example"/></resource><resource><extension url="http://hl7.org/fhir/tools/StructureDefinition/resource-sort"><valueInteger value="999999999"/></extension><extension url="http://hl7.org/fhir/StructureDefinition/implementationguide-page"><valueUri value="Parameters-Parameters-Pseudonymize-response-example-2.html"/></extension><reference><reference value="Parameters/Parameters-Pseudonymize-response-example-2"/></reference><name value="Parameters-Pseudonymize-response-example-2"/><exampleBoolean value="true"/><groupingId value="-ex-example"/></resource><resource><extension url="http://hl7.org/fhir/tools/StructureDefinition/resource-sort"><valueInteger value="999999999"/></extension><extension url="http://hl7.org/fhir/StructureDefinition/implementationguide-page"><valueUri value="Parameters-Parameters-PseudonymizeAllowCreate-request-example-1.html"/></extension><reference><reference value="Parameters/Parameters-PseudonymizeAllowCreate-request-example-1"/></reference><name value="Parameters-PseudonymizeAllowCreate-request-example-1"/><exampleBoolean value="true"/><groupingId value="-ex-example"/></resource><resource><extension url="http://hl7.org/fhir/tools/StructureDefinition/resource-sort"><valueInteger value="999999999"/></extension><extension url="http://hl7.org/fhir/StructureDefinition/implementationguide-page"><valueUri value="Parameters-Parameters-PseudonymizeAllowCreate-response-example-1.html"/></extension><reference><reference value="Parameters/Parameters-PseudonymizeAllowCreate-response-example-1"/></reference><name value="Parameters-PseudonymizeAllowCreate-response-example-1"/><exampleBoolean value="true"/><groupingId value="-ex-example"/></resource><resource><extension url="http://hl7.org/fhir/tools/StructureDefinition/resource-sort"><valueInteger value="999999999"/></extension><extension url="http://hl7.org/fhir/StructureDefinition/implementationguide-page"><valueUri value="Parameters-Parameters-PseudonymizeSecondary-request-example-1.html"/></extension><reference><reference value="Parameters/Parameters-PseudonymizeSecondary-request-example-1"/></reference><name value="Parameters-PseudonymizeSecondary-request-example-1"/><exampleBoolean value="true"/><groupingId value="-ex-example"/></resource><resource><extension url="http://hl7.org/fhir/tools/StructureDefinition/resource-sort"><valueInteger value="999999999"/></extension><extension url="http://hl7.org/fhir/StructureDefinition/implementationguide-page"><valueUri value="Parameters-Parameters-PseudonymizeSecondary-response-example-1.html"/></extension><reference><reference value="Parameters/Parameters-PseudonymizeSecondary-response-example-1"/></reference><name value="Parameters-PseudonymizeSecondary-response-example-1"/><exampleBoolean value="true"/><groupingId value="-ex-example"/></resource><resource><extension url="http://hl7.org/fhir/tools/StructureDefinition/resource-sort"><valueInteger value="999999999"/></extension><extension url="http://hl7.org/fhir/StructureDefinition/implementationguide-page"><valueUri value="Parameters-Parameters-PseudonymizeSecondary-response-example-2.html"/></extension><reference><reference value="Parameters/Parameters-PseudonymizeSecondary-response-example-2"/></reference><name value="Parameters-PseudonymizeSecondary-response-example-2"/><exampleBoolean value="true"/><groupingId value="-ex-example"/></resource><page><extension url="http://hl7.org/fhir/tools/StructureDefinition/ig-page-name"><valueUrl value="toc.html"/></extension><nameUrl value="toc.html"/><title value="Table of Contents"/><generation value="html"/><page><extension url="http://hl7.org/fhir/tools/StructureDefinition/ig-page-name"><valueUrl value="Beschreibung.html"/></extension><nameUrl value="Beschreibung.html"/><title value="Beschreibung"/><generation value="markdown"/></page><page><extension url="http://hl7.org/fhir/tools/StructureDefinition/ig-page-name"><valueUrl value="index.html"/></extension><nameUrl value="index.html"/><title value="Home"/><generation value="markdown"/></page><page><extension url="http://hl7.org/fhir/tools/StructureDefinition/ig-page-name"><valueUrl value="KontextUndKonzept.html"/></extension><nameUrl value="KontextUndKonzept.html"/><title value="Kontext und Konzept"/><generation value="markdown"/></page><page><extension url="http://hl7.org/fhir/tools/StructureDefinition/ig-page-name"><valueUrl value="Pseudonymmanagement.html"/></extension><nameUrl value="Pseudonymmanagement.html"/><title value="Pseudonymmanagement"/><generation value="markdown"/></page><page><extension url="http://hl7.org/fhir/tools/StructureDefinition/ig-page-name"><valueUrl value="TechnischeGrundlagen.html"/></extension><nameUrl value="TechnischeGrundlagen.html"/><title value="Technische Grundlagen"/><generation value="markdown"/></page><page><extension url="http://hl7.org/fhir/tools/StructureDefinition/ig-page-name"><valueUrl value="Vorgehen.html"/></extension><nameUrl value="Vorgehen.html"/><title value="Vorgehen"/><generation value="markdown"/></page><page><extension url="http://hl7.org/fhir/tools/StructureDefinition/ig-page-name"><valueUrl value="artifacts.html"/></extension><nameUrl value="artifacts.html"/><title value="Artifacts Summary"/><generation value="html"/><page><extension url="http://hl7.org/fhir/tools/StructureDefinition/ig-page-name"><valueUrl value="OperationDefinition-AnonymizeOriginals.html"/></extension><nameUrl value="OperationDefinition-AnonymizeOriginals.html"/><title value="anonymizeOriginals"/><generation value="generated"/></page><page><extension url="http://hl7.org/fhir/tools/StructureDefinition/ig-page-name"><valueUrl value="OperationDefinition-DeletePseudonyms.html"/></extension><nameUrl value="OperationDefinition-DeletePseudonyms.html"/><title value="deletePseudonyms"/><generation value="generated"/></page><page><extension url="http://hl7.org/fhir/tools/StructureDefinition/ig-page-name"><valueUrl value="OperationDefinition-DePseudonymize.html"/></extension><nameUrl value="OperationDefinition-DePseudonymize.html"/><title value="dePseudonymize"/><generation value="generated"/></page><page><extension url="http://hl7.org/fhir/tools/StructureDefinition/ig-page-name"><valueUrl value="OperationDefinition-InsertValuePseudonymPairs.html"/></extension><nameUrl value="OperationDefinition-InsertValuePseudonymPairs.html"/><title value="insertValuePseudonymPairs"/><generation value="generated"/></page><page><extension url="http://hl7.org/fhir/tools/StructureDefinition/ig-page-name"><valueUrl value="OperationDefinition-Pseudonymize.html"/></extension><nameUrl value="OperationDefinition-Pseudonymize.html"/><title value="pseudonymize"/><generation value="generated"/></page><page><extension url="http://hl7.org/fhir/tools/StructureDefinition/ig-page-name"><valueUrl value="OperationDefinition-PseudonymizeSecondary.html"/></extension><nameUrl value="OperationDefinition-PseudonymizeSecondary.html"/><title value="pseudonymize-secondary"/><generation value="generated"/></page><page><extension url="http://hl7.org/fhir/tools/StructureDefinition/ig-page-name"><valueUrl value="OperationDefinition-PseudonymizeAllowCreate.html"/></extension><nameUrl value="OperationDefinition-PseudonymizeAllowCreate.html"/><title value="pseudonymizeAllowCreate"/><generation value="generated"/></page><page><extension url="http://hl7.org/fhir/tools/StructureDefinition/ig-page-name"><valueUrl value="ValueSet-BloomfilterTypeVS.html"/></extension><nameUrl value="ValueSet-BloomfilterTypeVS.html"/><title value="BloomfilterType"/><generation value="generated"/></page><page><extension url="http://hl7.org/fhir/tools/StructureDefinition/ig-page-name"><valueUrl value="ValueSet-ConsentComponentTypeVS.html"/></extension><nameUrl value="ValueSet-ConsentComponentTypeVS.html"/><title value="ConsentComponentType"/><generation value="generated"/></page><page><extension url="http://hl7.org/fhir/tools/StructureDefinition/ig-page-name"><valueUrl value="ValueSet-ConsentPolicyActionVS.html"/></extension><nameUrl value="ValueSet-ConsentPolicyActionVS.html"/><title value="ConsentPolicyAction"/><generation value="generated"/></page><page><extension url="http://hl7.org/fhir/tools/StructureDefinition/ig-page-name"><valueUrl value="ValueSet-ConsentPolicyActorVS.html"/></extension><nameUrl value="ValueSet-ConsentPolicyActorVS.html"/><title value="ConsentPolicyActor"/><generation value="generated"/></page><page><extension url="http://hl7.org/fhir/tools/StructureDefinition/ig-page-name"><valueUrl value="ValueSet-ConsentPolicyClassVS.html"/></extension><nameUrl value="ValueSet-ConsentPolicyClassVS.html"/><title value="ConsentPolicyClass"/><generation value="generated"/></page><page><extension url="http://hl7.org/fhir/tools/StructureDefinition/ig-page-name"><valueUrl value="ValueSet-ConsentPolicyPurposeVS.html"/></extension><nameUrl value="ValueSet-ConsentPolicyPurposeVS.html"/><title value="ConsentPolicyPurpose"/><generation value="generated"/></page><page><extension url="http://hl7.org/fhir/tools/StructureDefinition/ig-page-name"><valueUrl value="ValueSet-ConsentStatusVS.html"/></extension><nameUrl value="ValueSet-ConsentStatusVS.html"/><title value="ConsentStatus"/><generation value="generated"/></page><page><extension url="http://hl7.org/fhir/tools/StructureDefinition/ig-page-name"><valueUrl value="ValueSet-ConsentStatusConsentFullValuesVS.html"/></extension><nameUrl value="ValueSet-ConsentStatusConsentFullValuesVS.html"/><title value="ConsentStatusConsentFullValues"/><generation value="generated"/></page><page><extension url="http://hl7.org/fhir/tools/StructureDefinition/ig-page-name"><valueUrl value="ValueSet-ConsentStatusConsentOptOutFullValuesVS.html"/></extension><nameUrl value="ValueSet-ConsentStatusConsentOptOutFullValuesVS.html"/><title value="ConsentStatusConsentOptOutFullValues"/><generation value="generated"/></page><page><extension url="http://hl7.org/fhir/tools/StructureDefinition/ig-page-name"><valueUrl value="ValueSet-ConsentStatusConsentOptOutShortValuesVS.html"/></extension><nameUrl value="ValueSet-ConsentStatusConsentOptOutShortValuesVS.html"/><title value="ConsentStatusConsentOptOutShortValues"/><generation value="generated"/></page><page><extension url="http://hl7.org/fhir/tools/StructureDefinition/ig-page-name"><valueUrl value="ValueSet-ConsentStatusConsentShortValuesVS.html"/></extension><nameUrl value="ValueSet-ConsentStatusConsentShortValuesVS.html"/><title value="ConsentStatusConsentShortValues"/><generation value="generated"/></page><page><extension url="http://hl7.org/fhir/tools/StructureDefinition/ig-page-name"><valueUrl value="ValueSet-ConsentStatusObjectionFullValuesVS.html"/></extension><nameUrl value="ValueSet-ConsentStatusObjectionFullValuesVS.html"/><title value="ConsentStatusObjectionFullValues"/><generation value="generated"/></page><page><extension url="http://hl7.org/fhir/tools/StructureDefinition/ig-page-name"><valueUrl value="ValueSet-ConsentStatusObjectionShortValuesVS.html"/></extension><nameUrl value="ValueSet-ConsentStatusObjectionShortValuesVS.html"/><title value="ConsentStatusObjectionShortValues"/><generation value="generated"/></page><page><extension url="http://hl7.org/fhir/tools/StructureDefinition/ig-page-name"><valueUrl value="ValueSet-ConsentStatusRefusalFullValuesVS.html"/></extension><nameUrl value="ValueSet-ConsentStatusRefusalFullValuesVS.html"/><title value="ConsentStatusRefusalFullValues"/><generation value="generated"/></page><page><extension url="http://hl7.org/fhir/tools/StructureDefinition/ig-page-name"><valueUrl value="ValueSet-ConsentStatusRefusalShortValuesVS.html"/></extension><nameUrl value="ValueSet-ConsentStatusRefusalShortValuesVS.html"/><title value="ConsentStatusRefusalShortValues"/><generation value="generated"/></page><page><extension url="http://hl7.org/fhir/tools/StructureDefinition/ig-page-name"><valueUrl value="ValueSet-ConsentStatusWithdrawalFullValuesVS.html"/></extension><nameUrl value="ValueSet-ConsentStatusWithdrawalFullValuesVS.html"/><title value="ConsentStatusWithdrawalFullValues"/><generation value="generated"/></page><page><extension url="http://hl7.org/fhir/tools/StructureDefinition/ig-page-name"><valueUrl value="ValueSet-ConsentStatusWithdrawalShortValuesVS.html"/></extension><nameUrl value="ValueSet-ConsentStatusWithdrawalShortValuesVS.html"/><title value="ConsentStatusWithdrawalShortValues"/><generation value="generated"/></page><page><extension url="http://hl7.org/fhir/tools/StructureDefinition/ig-page-name"><valueUrl value="ValueSet-IdatElementsVS.html"/></extension><nameUrl value="ValueSet-IdatElementsVS.html"/><title value="IdatElements"/><generation value="generated"/></page><page><extension url="http://hl7.org/fhir/tools/StructureDefinition/ig-page-name"><valueUrl value="ValueSet-IdMatchingTypeVS.html"/></extension><nameUrl value="ValueSet-IdMatchingTypeVS.html"/><title value="IdMatchingType"/><generation value="generated"/></page><page><extension url="http://hl7.org/fhir/tools/StructureDefinition/ig-page-name"><valueUrl value="ValueSet-MatchStatusVS.html"/></extension><nameUrl value="ValueSet-MatchStatusVS.html"/><title value="MatchStatus"/><generation value="generated"/></page><page><extension url="http://hl7.org/fhir/tools/StructureDefinition/ig-page-name"><valueUrl value="ValueSet-PolicyVS.html"/></extension><nameUrl value="ValueSet-PolicyVS.html"/><title value="Policy"/><generation value="generated"/></page><page><extension url="http://hl7.org/fhir/tools/StructureDefinition/ig-page-name"><valueUrl value="ValueSet-PolicyStatusVS.html"/></extension><nameUrl value="ValueSet-PolicyStatusVS.html"/><title value="PolicyStatus"/><generation value="generated"/></page><page><extension url="http://hl7.org/fhir/tools/StructureDefinition/ig-page-name"><valueUrl value="ValueSet-SaveActionVS.html"/></extension><nameUrl value="ValueSet-SaveActionVS.html"/><title value="SaveAction"/><generation value="generated"/></page><page><extension url="http://hl7.org/fhir/tools/StructureDefinition/ig-page-name"><valueUrl value="CodeSystem-BloomfilterTypeCS.html"/></extension><nameUrl value="CodeSystem-BloomfilterTypeCS.html"/><title value="BloomfilterType"/><generation value="generated"/></page><page><extension url="http://hl7.org/fhir/tools/StructureDefinition/ig-page-name"><valueUrl value="CodeSystem-ConsentComponentTypeCS.html"/></extension><nameUrl value="CodeSystem-ConsentComponentTypeCS.html"/><title value="ConsentComponentType"/><generation value="generated"/></page><page><extension url="http://hl7.org/fhir/tools/StructureDefinition/ig-page-name"><valueUrl value="CodeSystem-ConsentPolicyActionCS.html"/></extension><nameUrl value="CodeSystem-ConsentPolicyActionCS.html"/><title value="ConsentPolicyAction"/><generation value="generated"/></page><page><extension url="http://hl7.org/fhir/tools/StructureDefinition/ig-page-name"><valueUrl value="CodeSystem-ConsentPolicyActorCS.html"/></extension><nameUrl value="CodeSystem-ConsentPolicyActorCS.html"/><title value="ConsentPolicyActor"/><generation value="generated"/></page><page><extension url="http://hl7.org/fhir/tools/StructureDefinition/ig-page-name"><valueUrl value="CodeSystem-ConsentPolicyClassCS.html"/></extension><nameUrl value="CodeSystem-ConsentPolicyClassCS.html"/><title value="ConsentPolicyClass"/><generation value="generated"/></page><page><extension url="http://hl7.org/fhir/tools/StructureDefinition/ig-page-name"><valueUrl value="CodeSystem-ConsentPolicyPurposeCS.html"/></extension><nameUrl value="CodeSystem-ConsentPolicyPurposeCS.html"/><title value="ConsentPolicyPurpose"/><generation value="generated"/></page><page><extension url="http://hl7.org/fhir/tools/StructureDefinition/ig-page-name"><valueUrl value="CodeSystem-ConsentStatusCS.html"/></extension><nameUrl value="CodeSystem-ConsentStatusCS.html"/><title value="ConsentStatus"/><generation value="generated"/></page><page><extension url="http://hl7.org/fhir/tools/StructureDefinition/ig-page-name"><valueUrl value="CodeSystem-DesignationUseCS.html"/></extension><nameUrl value="CodeSystem-DesignationUseCS.html"/><title value="DesignationUse"/><generation value="generated"/></page><page><extension url="http://hl7.org/fhir/tools/StructureDefinition/ig-page-name"><valueUrl value="CodeSystem-IdatElementsCS.html"/></extension><nameUrl value="CodeSystem-IdatElementsCS.html"/><title value="IdatElements"/><generation value="generated"/></page><page><extension url="http://hl7.org/fhir/tools/StructureDefinition/ig-page-name"><valueUrl value="CodeSystem-IdMatchingTypeCS.html"/></extension><nameUrl value="CodeSystem-IdMatchingTypeCS.html"/><title value="IdMatchingType"/><generation value="generated"/></page><page><extension url="http://hl7.org/fhir/tools/StructureDefinition/ig-page-name"><valueUrl value="CodeSystem-MatchStatusCS.html"/></extension><nameUrl value="CodeSystem-MatchStatusCS.html"/><title value="MatchStatus"/><generation value="generated"/></page><page><extension url="http://hl7.org/fhir/tools/StructureDefinition/ig-page-name"><valueUrl value="CodeSystem-PolicyCS.html"/></extension><nameUrl value="CodeSystem-PolicyCS.html"/><title value="Policy"/><generation value="generated"/></page><page><extension url="http://hl7.org/fhir/tools/StructureDefinition/ig-page-name"><valueUrl value="CodeSystem-SaveActionCS.html"/></extension><nameUrl value="CodeSystem-SaveActionCS.html"/><title value="SaveAction"/><generation value="generated"/></page><page><extension url="http://hl7.org/fhir/tools/StructureDefinition/ig-page-name"><valueUrl value="Parameters-Parameters-AnonymizeOriginals-request-example-1.html"/></extension><nameUrl value="Parameters-Parameters-AnonymizeOriginals-request-example-1.html"/><title value="Parameters-AnonymizeOriginals-request-example-1"/><generation value="generated"/></page><page><extension url="http://hl7.org/fhir/tools/StructureDefinition/ig-page-name"><valueUrl value="Parameters-Parameters-AnonymizeOriginals-response-example-1.html"/></extension><nameUrl value="Parameters-Parameters-AnonymizeOriginals-response-example-1.html"/><title value="Parameters-AnonymizeOriginals-response-example-1"/><generation value="generated"/></page><page><extension url="http://hl7.org/fhir/tools/StructureDefinition/ig-page-name"><valueUrl value="Parameters-Parameters-DeletePseudonyms-request-example-1.html"/></extension><nameUrl value="Parameters-Parameters-DeletePseudonyms-request-example-1.html"/><title value="Parameters-DeletePseudonyms-request-example-1"/><generation value="generated"/></page><page><extension url="http://hl7.org/fhir/tools/StructureDefinition/ig-page-name"><valueUrl value="Parameters-Parameters-DeletePseudonyms-response-example-1.html"/></extension><nameUrl value="Parameters-Parameters-DeletePseudonyms-response-example-1.html"/><title value="Parameters-DeletePseudonyms-response-example-1"/><generation value="generated"/></page><page><extension url="http://hl7.org/fhir/tools/StructureDefinition/ig-page-name"><valueUrl value="Parameters-Parameters-DePseudonymize-request-example-1.html"/></extension><nameUrl value="Parameters-Parameters-DePseudonymize-request-example-1.html"/><title value="Parameters-DePseudonymize-request-example-1"/><generation value="generated"/></page><page><extension url="http://hl7.org/fhir/tools/StructureDefinition/ig-page-name"><valueUrl value="Parameters-Parameters-DePseudonymize-response-example-1.html"/></extension><nameUrl value="Parameters-Parameters-DePseudonymize-response-example-1.html"/><title value="Parameters-DePseudonymize-response-example-1"/><generation value="generated"/></page><page><extension url="http://hl7.org/fhir/tools/StructureDefinition/ig-page-name"><valueUrl value="Parameters-Parameters-DePseudonymize-response-example-2.html"/></extension><nameUrl value="Parameters-Parameters-DePseudonymize-response-example-2.html"/><title value="Parameters-DePseudonymize-response-example-2"/><generation value="generated"/></page><page><extension url="http://hl7.org/fhir/tools/StructureDefinition/ig-page-name"><valueUrl value="Parameters-Parameters-InsertValuePseudonymPairs-request-example-1.html"/></extension><nameUrl value="Parameters-Parameters-InsertValuePseudonymPairs-request-example-1.html"/><title value="Parameters-InsertValuePseudonymPairs-request-example-1"/><generation value="generated"/></page><page><extension url="http://hl7.org/fhir/tools/StructureDefinition/ig-page-name"><valueUrl value="Parameters-Parameters-InsertValuePseudonymPairs-response-example-1.html"/></extension><nameUrl value="Parameters-Parameters-InsertValuePseudonymPairs-response-example-1.html"/><title value="Parameters-InsertValuePseudonymPairs-response-example-1"/><generation value="generated"/></page><page><extension url="http://hl7.org/fhir/tools/StructureDefinition/ig-page-name"><valueUrl value="Parameters-Parameters-InsertValuePseudonymPairs-response-example-2.html"/></extension><nameUrl value="Parameters-Parameters-InsertValuePseudonymPairs-response-example-2.html"/><title value="Parameters-InsertValuePseudonymPairs-response-example-2"/><generation value="generated"/></page><page><extension url="http://hl7.org/fhir/tools/StructureDefinition/ig-page-name"><valueUrl value="Parameters-Parameters-Pseudonymize-request-example-1.html"/></extension><nameUrl value="Parameters-Parameters-Pseudonymize-request-example-1.html"/><title value="Parameters-Pseudonymize-request-example-1"/><generation value="generated"/></page><page><extension url="http://hl7.org/fhir/tools/StructureDefinition/ig-page-name"><valueUrl value="Parameters-Parameters-Pseudonymize-response-example-1.html"/></extension><nameUrl value="Parameters-Parameters-Pseudonymize-response-example-1.html"/><title value="Parameters-Pseudonymize-response-example-1"/><generation value="generated"/></page><page><extension url="http://hl7.org/fhir/tools/StructureDefinition/ig-page-name"><valueUrl value="Parameters-Parameters-Pseudonymize-response-example-2.html"/></extension><nameUrl value="Parameters-Parameters-Pseudonymize-response-example-2.html"/><title value="Parameters-Pseudonymize-response-example-2"/><generation value="generated"/></page><page><extension url="http://hl7.org/fhir/tools/StructureDefinition/ig-page-name"><valueUrl value="Parameters-Parameters-PseudonymizeAllowCreate-request-example-1.html"/></extension><nameUrl value="Parameters-Parameters-PseudonymizeAllowCreate-request-example-1.html"/><title value="Parameters-PseudonymizeAllowCreate-request-example-1"/><generation value="generated"/></page><page><extension url="http://hl7.org/fhir/tools/StructureDefinition/ig-page-name"><valueUrl value="Parameters-Parameters-PseudonymizeAllowCreate-response-example-1.html"/></extension><nameUrl value="Parameters-Parameters-PseudonymizeAllowCreate-response-example-1.html"/><title value="Parameters-PseudonymizeAllowCreate-response-example-1"/><generation value="generated"/></page><page><extension url="http://hl7.org/fhir/tools/StructureDefinition/ig-page-name"><valueUrl value="Parameters-Parameters-PseudonymizeSecondary-request-example-1.html"/></extension><nameUrl value="Parameters-Parameters-PseudonymizeSecondary-request-example-1.html"/><title value="Parameters-PseudonymizeSecondary-request-example-1"/><generation value="generated"/></page><page><extension url="http://hl7.org/fhir/tools/StructureDefinition/ig-page-name"><valueUrl value="Parameters-Parameters-PseudonymizeSecondary-response-example-1.html"/></extension><nameUrl value="Parameters-Parameters-PseudonymizeSecondary-response-example-1.html"/><title value="Parameters-PseudonymizeSecondary-response-example-1"/><generation value="generated"/></page><page><extension url="http://hl7.org/fhir/tools/StructureDefinition/ig-page-name"><valueUrl value="Parameters-Parameters-PseudonymizeSecondary-response-example-2.html"/></extension><nameUrl value="Parameters-Parameters-PseudonymizeSecondary-response-example-2.html"/><title value="Parameters-PseudonymizeSecondary-response-example-2"/><generation value="generated"/></page></page></page><parameter><code value="path-resource"/><value value="input/capabilities"/></parameter><parameter><code value="path-resource"/><value value="input/examples"/></parameter><parameter><code value="path-resource"/><value value="input/extensions"/></parameter><parameter><code value="path-resource"/><value value="input/models"/></parameter><parameter><code value="path-resource"/><value value="input/operations"/></parameter><parameter><code value="path-resource"/><value value="input/profiles"/></parameter><parameter><code value="path-resource"/><value value="input/resources"/></parameter><parameter><code value="path-resource"/><value value="input/vocabulary"/></parameter><parameter><code value="path-resource"/><value value="input/maps"/></parameter><parameter><code value="path-resource"/><value value="input/testing"/></parameter><parameter><code value="path-resource"/><value value="input/history"/></parameter><parameter><code value="path-resource"/><value value="fsh-generated/resources"/></parameter><parameter><code value="path-pages"/><value value="template/config"/></parameter><parameter><code value="path-pages"/><value value="input/images"/></parameter><parameter><code value="path-tx-cache"/><value value="input-cache/txcache"/></parameter></definition></ImplementationGuide>