<?xml version="1.0" encoding="UTF-8"?>

<Parameters xmlns="http://hl7.org/fhir">
  <id value="Parameters-AnonymizeOriginals-response-example-1"/>
  <parameter>
    <name value="successStatus"/>
    <part>
      <name value="target"/>
      <valueIdentifier>
        <system value="https://ths-greifswald.de/gpas"/>
        <value value="MIRACUM"/>
      </valueIdentifier>
    </part>
    <part>
      <name value="original"/>
      <valueIdentifier>
        <system value="https://ths-greifswald.de/gpas"/>
        <value value="1001000000022"/>
      </valueIdentifier>
    </part>
    <part>
      <name value="result-code"/>
      <valueCoding>
        <system value="http://terminology.hl7.org/CodeSystem/operation-outcome"/>
        <code value="MSG_UPDATED"/>
      </valueCoding>
    </part>
  </parameter>
  <parameter>
    <name value="successStatus"/>
    <part>
      <name value="target"/>
      <valueIdentifier>
        <system value="https://ths-greifswald.de/gpas"/>
        <value value="MIRACUM"/>
      </valueIdentifier>
    </part>
    <part>
      <name value="original"/>
      <valueIdentifier>
        <system value="https://ths-greifswald.de/gpas"/>
        <value value="1001000000033"/>
      </valueIdentifier>
    </part>
    <part>
      <name value="result-code"/>
      <valueCoding>
        <system value="http://hl7.org/fhir/issue-type"/>
        <code value="not-found"/>
        <display value="Not Found"/>
      </valueCoding>
    </part>
  </parameter>
</Parameters>