{
  "resourceType" : "OperationDefinition",
  "id" : "DePseudonymize",
  "text" : {
    "status" : "generated",
    "div" : "<div xmlns=\"http://www.w3.org/1999/xhtml\"><p class=\"res-header-id\"><b>Generated Narrative: OperationDefinition DePseudonymize</b></p><a name=\"DePseudonymize\"> </a><a name=\"hcDePseudonymize\"> </a><p>URL: [base]/$dePseudonymize</p><h3>Parameters</h3><table class=\"grid\"><tr><td><b>Use</b></td><td><b>Name</b></td><td><b>Scope</b></td><td><b>Cardinality</b></td><td><b>Type</b></td><td><b>Binding</b></td><td><b>Documentation</b></td></tr><tr><td>IN</td><td>target</td><td/><td>1..1</td><td><a href=\"http://hl7.org/fhir/R4/datatypes.html#string\">string</a><br/>(<a href=\"https://hl7.org/fhir/R4/search.html#string\">string</a>)</td><td/><td><div><p>Angabe der Domäne auf Basis derer für das angegebene Pseudonym ein vorhandener eindeutiger Originalwert gesucht wird</p>\n</div></td></tr><tr><td>IN</td><td>pseudonym</td><td/><td>1..*</td><td><a href=\"http://hl7.org/fhir/R4/datatypes.html#string\">string</a><br/>(<a href=\"https://hl7.org/fhir/R4/search.html#string\">string</a>)</td><td/><td><div><p>Angabe einer Liste von 1-n Pseudonymen für die in der angegebenen Domäne zugeordnete eindeutige Originalwerte gesucht werden</p>\n</div></td></tr><tr><td>OUT</td><td>original</td><td/><td>0..*</td><td/><td/><td><div><p>Original-Identifikation zum übermittelten Pseudonym</p>\n</div></td></tr><tr><td>OUT</td><td>original.original</td><td/><td>1..1</td><td><a href=\"http://hl7.org/fhir/R4/datatypes.html#Identifier\">Identifier</a></td><td/><td><div><p>Original-Identifikator</p>\n</div></td></tr><tr><td>OUT</td><td>original.target</td><td/><td>1..1</td><td><a href=\"http://hl7.org/fhir/R4/datatypes.html#Identifier\">Identifier</a></td><td/><td><div><p>Target-Identifikator</p>\n</div></td></tr><tr><td>OUT</td><td>original.pseudonym</td><td/><td>1..1</td><td><a href=\"http://hl7.org/fhir/R4/datatypes.html#Identifier\">Identifier</a></td><td/><td><div><p>Patient-Identifier</p>\n</div></td></tr><tr><td>OUT</td><td>error</td><td/><td>0..*</td><td/><td/><td><div><p>Fehlerrückgabe bei Teil-Fehlern</p>\n</div></td></tr><tr><td>OUT</td><td>error.original</td><td/><td>0..1</td><td><a href=\"http://hl7.org/fhir/R4/datatypes.html#Identifier\">Identifier</a></td><td/><td><div><p>Original-Identifikator</p>\n</div></td></tr><tr><td>OUT</td><td>error.target</td><td/><td>0..1</td><td><a href=\"http://hl7.org/fhir/R4/datatypes.html#Identifier\">Identifier</a></td><td/><td><div><p>Target-Identifikator</p>\n</div></td></tr><tr><td>OUT</td><td>error.pseudonym</td><td/><td>0..1</td><td><a href=\"http://hl7.org/fhir/R4/datatypes.html#Identifier\">Identifier</a></td><td/><td><div><p>Patient-Identifikator</p>\n</div></td></tr><tr><td>OUT</td><td>error.error-code</td><td/><td>1..1</td><td><a href=\"http://hl7.org/fhir/R4/datatypes.html#Coding\">Coding</a></td><td/><td><div><p>Fehlercode</p>\n</div></td></tr></table><div><p>Abfrage je eines Originalwertes für eine Liste von 1-n Pseudonymen und eine spezifische Domäne.</p>\n</div></div>"
  },
  "url" : "https://ths-greifswald.de/fhir/OperationDefinition/gpas/dePseudonymize",
  "version" : "2025.1.0",
  "name" : "DePseudonymize",
  "title" : "dePseudonymize",
  "status" : "active",
  "kind" : "operation",
  "date" : "2025-06-12",
  "publisher" : "Unabhängige Treuhandstelle der Universitätsmedizin Greifswald",
  "contact" : [{
    "name" : "Unabhängige Treuhandstelle der Universitätsmedizin Greifswald",
    "telecom" : [{
      "system" : "url",
      "value" : "https://www.ths-greifswald.de/"
    }]
  }],
  "description" : "Abfrage je eines Originalwertes für eine Liste von 1-n Pseudonymen und eine spezifische Domäne.",
  "affectsState" : false,
  "code" : "dePseudonymize",
  "comment" : "Abfrage je eines Originalwertes für eine Liste von 1-n Pseudonymen und eine spezifische Domäne.",
  "system" : true,
  "type" : false,
  "instance" : false,
  "parameter" : [{
    "name" : "target",
    "use" : "in",
    "min" : 1,
    "max" : "1",
    "documentation" : "Angabe der Domäne auf Basis derer für das angegebene Pseudonym ein vorhandener eindeutiger Originalwert gesucht wird",
    "type" : "string",
    "searchType" : "string"
  },
  {
    "name" : "pseudonym",
    "use" : "in",
    "min" : 1,
    "max" : "*",
    "documentation" : "Angabe einer Liste von 1-n Pseudonymen für die in der angegebenen Domäne zugeordnete eindeutige Originalwerte gesucht werden",
    "type" : "string",
    "searchType" : "string"
  },
  {
    "name" : "original",
    "use" : "out",
    "min" : 0,
    "max" : "*",
    "documentation" : "Original-Identifikation zum übermittelten Pseudonym",
    "part" : [{
      "name" : "original",
      "use" : "out",
      "min" : 1,
      "max" : "1",
      "documentation" : "Original-Identifikator",
      "type" : "Identifier"
    },
    {
      "name" : "target",
      "use" : "out",
      "min" : 1,
      "max" : "1",
      "documentation" : "Target-Identifikator",
      "type" : "Identifier"
    },
    {
      "name" : "pseudonym",
      "use" : "out",
      "min" : 1,
      "max" : "1",
      "documentation" : "Patient-Identifier",
      "type" : "Identifier"
    }]
  },
  {
    "name" : "error",
    "use" : "out",
    "min" : 0,
    "max" : "*",
    "documentation" : "Fehlerrückgabe bei Teil-Fehlern",
    "part" : [{
      "name" : "original",
      "use" : "out",
      "min" : 0,
      "max" : "1",
      "documentation" : "Original-Identifikator",
      "type" : "Identifier"
    },
    {
      "name" : "target",
      "use" : "out",
      "min" : 0,
      "max" : "1",
      "documentation" : "Target-Identifikator",
      "type" : "Identifier"
    },
    {
      "name" : "pseudonym",
      "use" : "out",
      "min" : 0,
      "max" : "1",
      "documentation" : "Patient-Identifikator",
      "type" : "Identifier"
    },
    {
      "name" : "error-code",
      "use" : "out",
      "min" : 1,
      "max" : "1",
      "documentation" : "Fehlercode",
      "type" : "Coding"
    }]
  }]
}