{
  "resourceType" : "OperationDefinition",
  "id" : "InsertValuePseudonymPairs",
  "text" : {
    "status" : "generated",
    "div" : "<div xmlns=\"http://www.w3.org/1999/xhtml\"><p class=\"res-header-id\"><b>Generated Narrative: OperationDefinition InsertValuePseudonymPairs</b></p><a name=\"InsertValuePseudonymPairs\"> </a><a name=\"hcInsertValuePseudonymPairs\"> </a><p>URL: [base]/$insertValuePseudonymPairs</p><h3>Parameters</h3><table class=\"grid\"><tr><td><b>Use</b></td><td><b>Name</b></td><td><b>Scope</b></td><td><b>Cardinality</b></td><td><b>Type</b></td><td><b>Binding</b></td><td><b>Documentation</b></td></tr><tr><td>IN</td><td>pseudonym</td><td/><td>1..*</td><td/><td/><td><div><p>Tripel mit den Angaben zu Original und zu setzendem Pseudonym.</p>\n</div></td></tr><tr><td>IN</td><td>pseudonym.target</td><td/><td>1..1</td><td><a href=\"http://hl7.org/fhir/R4/datatypes.html#string\">string</a><br/>(<a href=\"https://hl7.org/fhir/R4/search.html#string\">string</a>)</td><td/><td><div><p>Angabe der Domäne, in welche das Wertepaare Original-Wert &amp; Pseudonym eingefügt werden soll. Ist bei allen Tripeln eines Requests der target-Parameter identisch, erfolgt die interne Verarbeitung mit erhöhter Performance.</p>\n</div></td></tr><tr><td>IN</td><td>pseudonym.original</td><td/><td>1..1</td><td><a href=\"http://hl7.org/fhir/R4/datatypes.html#string\">string</a><br/>(<a href=\"https://hl7.org/fhir/R4/search.html#string\">string</a>)</td><td/><td><div><p>Angabe des Originalwertes des Werte-Paares</p>\n</div></td></tr><tr><td>IN</td><td>pseudonym.value</td><td/><td>1..1</td><td><a href=\"http://hl7.org/fhir/R4/datatypes.html#string\">string</a><br/>(<a href=\"https://hl7.org/fhir/R4/search.html#string\">string</a>)</td><td/><td><div><p>Angabe des Pseudonyms des Werte-Paares. Das Pseudonym muss den konfigurierten Vorgaben der Zieldomäne entsprechend und wird im Regelfall vor dem Einfügen durch den gPAS validiert.</p>\n</div></td></tr><tr><td>OUT</td><td>successStatus</td><td/><td>0..*</td><td/><td/><td><div><p>Ermitteltes bzw. generiertes studien- und standort-spezifisches Pseudonym</p>\n</div></td></tr><tr><td>OUT</td><td>successStatus.original</td><td/><td>0..1</td><td><a href=\"http://hl7.org/fhir/R4/datatypes.html#Identifier\">Identifier</a></td><td/><td><div><p>Original-Identifikator</p>\n</div></td></tr><tr><td>OUT</td><td>successStatus.target</td><td/><td>0..1</td><td><a href=\"http://hl7.org/fhir/R4/datatypes.html#Identifier\">Identifier</a></td><td/><td><div><p>Target-Identifikator</p>\n</div></td></tr><tr><td>OUT</td><td>successStatus.value</td><td/><td>0..1</td><td><a href=\"http://hl7.org/fhir/R4/datatypes.html#Identifier\">Identifier</a></td><td/><td><div><p>Pseudonym</p>\n</div></td></tr><tr><td>OUT</td><td>successStatus.result-code</td><td/><td>1..1</td><td><a href=\"http://hl7.org/fhir/R4/datatypes.html#Coding\">Coding</a></td><td/><td><div><p>Erfolgsstatus</p>\n</div></td></tr></table></div>"
  },
  "url" : "https://ths-greifswald.de/fhir/OperationDefinition/gpas/insertValuePseudonymPairs",
  "version" : "2025.1.0",
  "name" : "InsertValuePseudonymPairs",
  "title" : "insertValuePseudonymPairs",
  "status" : "active",
  "kind" : "operation",
  "date" : "2025-06-12",
  "publisher" : "Unabhängige Treuhandstelle der Universitätsmedizin Greifswald",
  "contact" : [{
    "name" : "Unabhängige Treuhandstelle der Universitätsmedizin Greifswald",
    "telecom" : [{
      "system" : "url",
      "value" : "https://www.ths-greifswald.de/"
    }]
  }],
  "description" : "Fügt ein Wertepaar bestehend aus Originalwert und Pseudonym in eine vorkonfigurierte Domäne ein, z.B. für die Migration von Bestandspseudonymen",
  "affectsState" : true,
  "code" : "insertValuePseudonymPairs",
  "system" : true,
  "type" : false,
  "instance" : false,
  "parameter" : [{
    "name" : "pseudonym",
    "use" : "in",
    "min" : 1,
    "max" : "*",
    "documentation" : "Tripel mit den Angaben zu Original und zu setzendem Pseudonym.",
    "part" : [{
      "name" : "target",
      "use" : "in",
      "min" : 1,
      "max" : "1",
      "documentation" : "Angabe der Domäne, in welche das Wertepaare Original-Wert & Pseudonym eingefügt werden soll. Ist bei allen Tripeln eines Requests der target-Parameter identisch, erfolgt die interne Verarbeitung mit erhöhter Performance.",
      "type" : "string",
      "searchType" : "string"
    },
    {
      "name" : "original",
      "use" : "in",
      "min" : 1,
      "max" : "1",
      "documentation" : "Angabe des Originalwertes des Werte-Paares",
      "type" : "string",
      "searchType" : "string"
    },
    {
      "name" : "value",
      "use" : "in",
      "min" : 1,
      "max" : "1",
      "documentation" : "Angabe des Pseudonyms des Werte-Paares. Das Pseudonym muss den konfigurierten Vorgaben der Zieldomäne entsprechend und wird im Regelfall vor dem Einfügen durch den gPAS validiert.",
      "type" : "string",
      "searchType" : "string"
    }]
  },
  {
    "name" : "successStatus",
    "use" : "out",
    "min" : 0,
    "max" : "*",
    "documentation" : "Ermitteltes bzw. generiertes studien- und standort-spezifisches Pseudonym",
    "part" : [{
      "name" : "original",
      "use" : "out",
      "min" : 0,
      "max" : "1",
      "documentation" : "Original-Identifikator",
      "type" : "Identifier"
    },
    {
      "name" : "target",
      "use" : "out",
      "min" : 0,
      "max" : "1",
      "documentation" : "Target-Identifikator",
      "type" : "Identifier"
    },
    {
      "name" : "value",
      "use" : "out",
      "min" : 0,
      "max" : "1",
      "documentation" : "Pseudonym",
      "type" : "Identifier"
    },
    {
      "name" : "result-code",
      "use" : "out",
      "min" : 1,
      "max" : "1",
      "documentation" : "Erfolgsstatus",
      "type" : "Coding"
    }]
  }]
}