<?xml version="1.0" encoding="UTF-8"?>

<OperationDefinition xmlns="http://hl7.org/fhir">
  <id value="InsertValuePseudonymPairs"/>
  <text>
    <status value="generated"/><div xmlns="http://www.w3.org/1999/xhtml"><p class="res-header-id"><b>Generated Narrative: OperationDefinition InsertValuePseudonymPairs</b></p><a name="InsertValuePseudonymPairs"> </a><a name="hcInsertValuePseudonymPairs"> </a><p>URL: [base]/$insertValuePseudonymPairs</p><h3>Parameters</h3><table class="grid"><tr><td><b>Use</b></td><td><b>Name</b></td><td><b>Scope</b></td><td><b>Cardinality</b></td><td><b>Type</b></td><td><b>Binding</b></td><td><b>Documentation</b></td></tr><tr><td>IN</td><td>pseudonym</td><td/><td>1..*</td><td/><td/><td><div><p>Tripel mit den Angaben zu Original und zu setzendem Pseudonym.</p>
</div></td></tr><tr><td>IN</td><td>pseudonym.target</td><td/><td>1..1</td><td><a href="http://hl7.org/fhir/R4/datatypes.html#string">string</a><br/>(<a href="https://hl7.org/fhir/R4/search.html#string">string</a>)</td><td/><td><div><p>Angabe der Domäne, in welche das Wertepaare Original-Wert &amp; Pseudonym eingefügt werden soll. Ist bei allen Tripeln eines Requests der target-Parameter identisch, erfolgt die interne Verarbeitung mit erhöhter Performance.</p>
</div></td></tr><tr><td>IN</td><td>pseudonym.original</td><td/><td>1..1</td><td><a href="http://hl7.org/fhir/R4/datatypes.html#string">string</a><br/>(<a href="https://hl7.org/fhir/R4/search.html#string">string</a>)</td><td/><td><div><p>Angabe des Originalwertes des Werte-Paares</p>
</div></td></tr><tr><td>IN</td><td>pseudonym.value</td><td/><td>1..1</td><td><a href="http://hl7.org/fhir/R4/datatypes.html#string">string</a><br/>(<a href="https://hl7.org/fhir/R4/search.html#string">string</a>)</td><td/><td><div><p>Angabe des Pseudonyms des Werte-Paares. Das Pseudonym muss den konfigurierten Vorgaben der Zieldomäne entsprechend und wird im Regelfall vor dem Einfügen durch den gPAS validiert.</p>
</div></td></tr><tr><td>OUT</td><td>successStatus</td><td/><td>0..*</td><td/><td/><td><div><p>Ermitteltes bzw. generiertes studien- und standort-spezifisches Pseudonym</p>
</div></td></tr><tr><td>OUT</td><td>successStatus.original</td><td/><td>0..1</td><td><a href="http://hl7.org/fhir/R4/datatypes.html#Identifier">Identifier</a></td><td/><td><div><p>Original-Identifikator</p>
</div></td></tr><tr><td>OUT</td><td>successStatus.target</td><td/><td>0..1</td><td><a href="http://hl7.org/fhir/R4/datatypes.html#Identifier">Identifier</a></td><td/><td><div><p>Target-Identifikator</p>
</div></td></tr><tr><td>OUT</td><td>successStatus.value</td><td/><td>0..1</td><td><a href="http://hl7.org/fhir/R4/datatypes.html#Identifier">Identifier</a></td><td/><td><div><p>Pseudonym</p>
</div></td></tr><tr><td>OUT</td><td>successStatus.result-code</td><td/><td>1..1</td><td><a href="http://hl7.org/fhir/R4/datatypes.html#Coding">Coding</a></td><td/><td><div><p>Erfolgsstatus</p>
</div></td></tr></table></div>
  </text>
  <url value="https://ths-greifswald.de/fhir/OperationDefinition/gpas/insertValuePseudonymPairs"/>
  <version value="2025.1.0"/>
  <name value="InsertValuePseudonymPairs"/>
  <title value="insertValuePseudonymPairs"/>
  <status value="active"/>
  <kind value="operation"/>
  <date value="2025-06-12"/>
  <publisher value="Unabhängige Treuhandstelle der Universitätsmedizin Greifswald"/>
  <contact>
    <name value="Unabhängige Treuhandstelle der Universitätsmedizin Greifswald"/>
    <telecom>
      <system value="url"/>
      <value value="https://www.ths-greifswald.de/"/>
    </telecom>
  </contact>
  <description value="Fügt ein Wertepaar bestehend aus Originalwert und Pseudonym in eine vorkonfigurierte Domäne ein, z.B. für die Migration von Bestandspseudonymen"/>
  <affectsState value="true"/>
  <code value="insertValuePseudonymPairs"/>
  <system value="true"/>
  <type value="false"/>
  <instance value="false"/>
  <parameter>
    <name value="pseudonym"/>
    <use value="in"/>
    <min value="1"/>
    <max value="*"/>
    <documentation value="Tripel mit den Angaben zu Original und zu setzendem Pseudonym."/>
    <part>
      <name value="target"/>
      <use value="in"/>
      <min value="1"/>
      <max value="1"/>
      <documentation value="Angabe der Domäne, in welche das Wertepaare Original-Wert &amp; Pseudonym eingefügt werden soll. Ist bei allen Tripeln eines Requests der target-Parameter identisch, erfolgt die interne Verarbeitung mit erhöhter Performance."/>
      <type value="string"/>
      <searchType value="string"/>
    </part>
    <part>
      <name value="original"/>
      <use value="in"/>
      <min value="1"/>
      <max value="1"/>
      <documentation value="Angabe des Originalwertes des Werte-Paares"/>
      <type value="string"/>
      <searchType value="string"/>
    </part>
    <part>
      <name value="value"/>
      <use value="in"/>
      <min value="1"/>
      <max value="1"/>
      <documentation value="Angabe des Pseudonyms des Werte-Paares. Das Pseudonym muss den konfigurierten Vorgaben der Zieldomäne entsprechend und wird im Regelfall vor dem Einfügen durch den gPAS validiert."/>
      <type value="string"/>
      <searchType value="string"/>
    </part>
  </parameter>
  <parameter>
    <name value="successStatus"/>
    <use value="out"/>
    <min value="0"/>
    <max value="*"/>
    <documentation value="Ermitteltes bzw. generiertes studien- und standort-spezifisches Pseudonym"/>
    <part>
      <name value="original"/>
      <use value="out"/>
      <min value="0"/>
      <max value="1"/>
      <documentation value="Original-Identifikator"/>
      <type value="Identifier"/>
    </part>
    <part>
      <name value="target"/>
      <use value="out"/>
      <min value="0"/>
      <max value="1"/>
      <documentation value="Target-Identifikator"/>
      <type value="Identifier"/>
    </part>
    <part>
      <name value="value"/>
      <use value="out"/>
      <min value="0"/>
      <max value="1"/>
      <documentation value="Pseudonym"/>
      <type value="Identifier"/>
    </part>
    <part>
      <name value="result-code"/>
      <use value="out"/>
      <min value="1"/>
      <max value="1"/>
      <documentation value="Erfolgsstatus"/>
      <type value="Coding"/>
    </part>
  </parameter>
</OperationDefinition>