{
  "resourceType" : "OperationDefinition",
  "id" : "DeletePseudonyms",
  "text" : {
    "status" : "generated",
    "div" : "<div xmlns=\"http://www.w3.org/1999/xhtml\"><p class=\"res-header-id\"><b>Generated Narrative: OperationDefinition DeletePseudonyms</b></p><a name=\"DeletePseudonyms\"> </a><a name=\"hcDeletePseudonyms\"> </a><p>URL: [base]/$deletePseudonyms</p><h3>Parameters</h3><table class=\"grid\"><tr><td><b>Use</b></td><td><b>Name</b></td><td><b>Scope</b></td><td><b>Cardinality</b></td><td><b>Type</b></td><td><b>Binding</b></td><td><b>Documentation</b></td></tr><tr><td>IN</td><td>target</td><td/><td>1..1</td><td><a href=\"http://hl7.org/fhir/R4/datatypes.html#string\">string</a><br/>(<a href=\"https://hl7.org/fhir/R4/search.html#string\">string</a>)</td><td/><td><div><p>Angabe der Domäne innerhalb derer die angegebenen Originalwerte gelöscht werden.</p>\n</div></td></tr><tr><td>IN</td><td>original</td><td/><td>1..*</td><td><a href=\"http://hl7.org/fhir/R4/datatypes.html#string\">string</a><br/>(<a href=\"https://hl7.org/fhir/R4/search.html#string\">string</a>)</td><td/><td><div><p>Angabe der Originalwerte für die in der angegebenen Domäne eine Löschung durchgeführt werden soll.</p>\n</div></td></tr><tr><td>OUT</td><td>successStatus</td><td/><td>1..*</td><td/><td/><td><div><p>Status-Rückgabe der einzelnen durchgeführten Löschungen</p>\n</div></td></tr><tr><td>OUT</td><td>successStatus.target</td><td/><td>0..1</td><td><a href=\"http://hl7.org/fhir/R4/datatypes.html#Identifier\">Identifier</a></td><td/><td><div><p>Target-Identifikator</p>\n</div></td></tr><tr><td>OUT</td><td>successStatus.original</td><td/><td>1..1</td><td><a href=\"http://hl7.org/fhir/R4/datatypes.html#Identifier\">Identifier</a></td><td/><td><div><p>Original-Identifikator</p>\n</div></td></tr><tr><td>OUT</td><td>successStatus.result-code</td><td/><td>1..1</td><td><a href=\"http://hl7.org/fhir/R4/datatypes.html#Coding\">Coding</a></td><td/><td><div><p>Erfolgs- bzw. Fehlercode</p>\n</div></td></tr></table><div><p>Löscht eine gegebene Liste von 1-n Einträgen (identifiziert durch den Originalwert) in der angegebenen Domäne, sofern die Konfiguration dieser Domäne dies erlaubt.</p>\n</div></div>"
  },
  "url" : "https://ths-greifswald.de/fhir/OperationDefinition/gpas/deletePseudonyms",
  "version" : "2025.1.0",
  "name" : "DeletePseudonyms",
  "title" : "deletePseudonyms",
  "status" : "active",
  "kind" : "operation",
  "date" : "2025-06-12",
  "publisher" : "Unabhängige Treuhandstelle der Universitätsmedizin Greifswald",
  "contact" : [{
    "name" : "Unabhängige Treuhandstelle der Universitätsmedizin Greifswald",
    "telecom" : [{
      "system" : "url",
      "value" : "https://www.ths-greifswald.de/"
    }]
  }],
  "affectsState" : true,
  "code" : "deletePseudonyms",
  "comment" : "Löscht eine gegebene Liste von 1-n Einträgen (identifiziert durch den Originalwert) in der angegebenen Domäne, sofern die Konfiguration dieser Domäne dies erlaubt.",
  "system" : true,
  "type" : false,
  "instance" : false,
  "parameter" : [{
    "name" : "target",
    "use" : "in",
    "min" : 1,
    "max" : "1",
    "documentation" : "Angabe der Domäne innerhalb derer die angegebenen Originalwerte gelöscht werden.",
    "type" : "string",
    "searchType" : "string"
  },
  {
    "name" : "original",
    "use" : "in",
    "min" : 1,
    "max" : "*",
    "documentation" : "Angabe der Originalwerte für die in der angegebenen Domäne eine Löschung durchgeführt werden soll.",
    "type" : "string",
    "searchType" : "string"
  },
  {
    "name" : "successStatus",
    "use" : "out",
    "min" : 1,
    "max" : "*",
    "documentation" : "Status-Rückgabe der einzelnen durchgeführten Löschungen",
    "part" : [{
      "name" : "target",
      "use" : "out",
      "min" : 0,
      "max" : "1",
      "documentation" : "Target-Identifikator",
      "type" : "Identifier"
    },
    {
      "name" : "original",
      "use" : "out",
      "min" : 1,
      "max" : "1",
      "documentation" : "Original-Identifikator",
      "type" : "Identifier"
    },
    {
      "name" : "result-code",
      "use" : "out",
      "min" : 1,
      "max" : "1",
      "documentation" : "Erfolgs- bzw. Fehlercode",
      "type" : "Coding"
    }]
  }]
}