<?xml version="1.0" encoding="UTF-8"?>

<Parameters xmlns="http://hl7.org/fhir">
  <id value="Parameters-InsertValuePseudonymPairs-response-example-2"/>
  <parameter>
    <name value="successStatus"/>
    <part>
      <name value="target"/>
      <valueIdentifier>
        <system value="https://ths-greifswald.de/gpas"/>
        <value value="DOMAINXY"/>
      </valueIdentifier>
    </part>
    <part>
      <name value="result-code"/>
      <valueCoding>
        <system value="http://hl7.org/fhir/issue-type"/>
        <code value="not-found"/>
        <display value="Not Found"/>
      </valueCoding>
    </part>
  </parameter>
</Parameters>