{"resourceType":"ImplementationGuide","id":"ths-greifswald.ttp-fhir-gw.gpas","text":{"status":"generated","div":"<div xmlns=\"http://www.w3.org/1999/xhtml\"><p class=\"res-header-id\"><b>Generated Narrative: ImplementationGuide ths-greifswald.ttp-fhir-gw.gpas</b></p><a name=\"ths-greifswald.ttp-fhir-gw.gpas\"> </a><a name=\"hcths-greifswald.ttp-fhir-gw.gpas\"> </a><h2>IGTTPFHIRGatewaygPAS</h2><p>The official URL for this implementation guide is: </p><pre>https://ths-greifswald.de/fhir/gpas/ImplementationGuide/ths-greifswald.ttp-fhir-gw.gpas</pre></div>"},"url":"https://ths-greifswald.de/fhir/gpas/ImplementationGuide/ths-greifswald.ttp-fhir-gw.gpas","version":"2025.1.0","name":"IGTTPFHIRGatewaygPAS","status":"active","date":"2025-10-29T12:19:25+01:00","publisher":"Unabhängige Treuhandstelle der Universitätsmedizin Greifswald","contact":[{"name":"Unabhängige Treuhandstelle der Universitätsmedizin Greifswald","telecom":[{"system":"url","value":"https://www.ths-greifswald.de/"}]}],"packageId":"ths-greifswald.ttp-fhir-gw.gpas","license":"CC0-1.0","fhirVersion":["4.0.1"],"dependsOn":[{"id":"hl7tx","extension":[{"url":"http://hl7.org/fhir/tools/StructureDefinition/implementationguide-dependency-comment","valueMarkdown":"Automatically added as a dependency - all IGs depend on HL7 Terminology"}],"uri":"http://terminology.hl7.org/ImplementationGuide/hl7.terminology","packageId":"hl7.terminology.r4","version":"6.5.0"},{"id":"hl7ext","extension":[{"url":"http://hl7.org/fhir/tools/StructureDefinition/implementationguide-dependency-comment","valueMarkdown":"Automatically added as a dependency - all IGs depend on the HL7 Extension Pack"}],"uri":"http://hl7.org/fhir/extensions/ImplementationGuide/hl7.fhir.uv.extensions","packageId":"hl7.fhir.uv.extensions.r4","version":"5.2.0"}],"definition":{"extension":[{"extension":[{"url":"code","valueString":"copyrightyear"},{"url":"value","valueString":"2021+"}],"url":"http://hl7.org/fhir/tools/StructureDefinition/ig-parameter"},{"extension":[{"url":"code","valueString":"releaselabel"},{"url":"value","valueString":"ci-build"}],"url":"http://hl7.org/fhir/tools/StructureDefinition/ig-parameter"},{"extension":[{"url":"code","valueString":"autoload-resources"},{"url":"value","valueString":"true"}],"url":"http://hl7.org/fhir/tools/StructureDefinition/ig-parameter"},{"extension":[{"url":"code","valueString":"path-liquid"},{"url":"value","valueString":"template/liquid"}],"url":"http://hl7.org/fhir/tools/StructureDefinition/ig-parameter"},{"extension":[{"url":"code","valueString":"path-liquid"},{"url":"value","valueString":"input/liquid"}],"url":"http://hl7.org/fhir/tools/StructureDefinition/ig-parameter"},{"extension":[{"url":"code","valueString":"path-qa"},{"url":"value","valueString":"temp/qa"}],"url":"http://hl7.org/fhir/tools/StructureDefinition/ig-parameter"},{"extension":[{"url":"code","valueString":"path-temp"},{"url":"value","valueString":"temp/pages"}],"url":"http://hl7.org/fhir/tools/StructureDefinition/ig-parameter"},{"extension":[{"url":"code","valueString":"path-output"},{"url":"value","valueString":"output"}],"url":"http://hl7.org/fhir/tools/StructureDefinition/ig-parameter"},{"extension":[{"url":"code","valueString":"path-suppressed-warnings"},{"url":"value","valueString":"input/ignoreWarnings.txt"}],"url":"http://hl7.org/fhir/tools/StructureDefinition/ig-parameter"},{"extension":[{"url":"code","valueString":"path-history"},{"url":"value","valueString":"https://ths-greifswald.de/fhir/gpas/history.html"}],"url":"http://hl7.org/fhir/tools/StructureDefinition/ig-parameter"},{"extension":[{"url":"code","valueString":"template-html"},{"url":"value","valueString":"template-page.html"}],"url":"http://hl7.org/fhir/tools/StructureDefinition/ig-parameter"},{"extension":[{"url":"code","valueString":"template-md"},{"url":"value","valueString":"template-page-md.html"}],"url":"http://hl7.org/fhir/tools/StructureDefinition/ig-parameter"},{"extension":[{"url":"code","valueString":"apply-contact"},{"url":"value","valueString":"true"}],"url":"http://hl7.org/fhir/tools/StructureDefinition/ig-parameter"},{"extension":[{"url":"code","valueString":"apply-context"},{"url":"value","valueString":"true"}],"url":"http://hl7.org/fhir/tools/StructureDefinition/ig-parameter"},{"extension":[{"url":"code","valueString":"apply-copyright"},{"url":"value","valueString":"true"}],"url":"http://hl7.org/fhir/tools/StructureDefinition/ig-parameter"},{"extension":[{"url":"code","valueString":"apply-jurisdiction"},{"url":"value","valueString":"true"}],"url":"http://hl7.org/fhir/tools/StructureDefinition/ig-parameter"},{"extension":[{"url":"code","valueString":"apply-license"},{"url":"value","valueString":"true"}],"url":"http://hl7.org/fhir/tools/StructureDefinition/ig-parameter"},{"extension":[{"url":"code","valueString":"apply-publisher"},{"url":"value","valueString":"true"}],"url":"http://hl7.org/fhir/tools/StructureDefinition/ig-parameter"},{"extension":[{"url":"code","valueString":"apply-version"},{"url":"value","valueString":"true"}],"url":"http://hl7.org/fhir/tools/StructureDefinition/ig-parameter"},{"extension":[{"url":"code","valueString":"apply-wg"},{"url":"value","valueString":"true"}],"url":"http://hl7.org/fhir/tools/StructureDefinition/ig-parameter"},{"extension":[{"url":"code","valueString":"active-tables"},{"url":"value","valueString":"true"}],"url":"http://hl7.org/fhir/tools/StructureDefinition/ig-parameter"},{"extension":[{"url":"code","valueString":"fmm-definition"},{"url":"value","valueString":"http://hl7.org/fhir/versions.html#maturity"}],"url":"http://hl7.org/fhir/tools/StructureDefinition/ig-parameter"},{"extension":[{"url":"code","valueString":"propagate-status"},{"url":"value","valueString":"true"}],"url":"http://hl7.org/fhir/tools/StructureDefinition/ig-parameter"},{"extension":[{"url":"code","valueString":"excludelogbinaryformat"},{"url":"value","valueString":"true"}],"url":"http://hl7.org/fhir/tools/StructureDefinition/ig-parameter"},{"extension":[{"url":"code","valueString":"tabbed-snapshots"},{"url":"value","valueString":"true"}],"url":"http://hl7.org/fhir/tools/StructureDefinition/ig-parameter"},{"url":"http://hl7.org/fhir/tools/StructureDefinition/ig-internal-dependency","valueCode":"hl7.fhir.uv.tools.r4#0.8.0"},{"extension":[{"url":"code","valueCode":"copyrightyear"},{"url":"value","valueString":"2021+"}],"url":"http://hl7.org/fhir/tools/StructureDefinition/ig-parameter"},{"extension":[{"url":"code","valueCode":"releaselabel"},{"url":"value","valueString":"ci-build"}],"url":"http://hl7.org/fhir/tools/StructureDefinition/ig-parameter"},{"extension":[{"url":"code","valueCode":"autoload-resources"},{"url":"value","valueString":"true"}],"url":"http://hl7.org/fhir/tools/StructureDefinition/ig-parameter"},{"extension":[{"url":"code","valueCode":"path-liquid"},{"url":"value","valueString":"template/liquid"}],"url":"http://hl7.org/fhir/tools/StructureDefinition/ig-parameter"},{"extension":[{"url":"code","valueCode":"path-liquid"},{"url":"value","valueString":"input/liquid"}],"url":"http://hl7.org/fhir/tools/StructureDefinition/ig-parameter"},{"extension":[{"url":"code","valueCode":"path-qa"},{"url":"value","valueString":"temp/qa"}],"url":"http://hl7.org/fhir/tools/StructureDefinition/ig-parameter"},{"extension":[{"url":"code","valueCode":"path-temp"},{"url":"value","valueString":"temp/pages"}],"url":"http://hl7.org/fhir/tools/StructureDefinition/ig-parameter"},{"extension":[{"url":"code","valueCode":"path-output"},{"url":"value","valueString":"output"}],"url":"http://hl7.org/fhir/tools/StructureDefinition/ig-parameter"},{"extension":[{"url":"code","valueCode":"path-suppressed-warnings"},{"url":"value","valueString":"input/ignoreWarnings.txt"}],"url":"http://hl7.org/fhir/tools/StructureDefinition/ig-parameter"},{"extension":[{"url":"code","valueCode":"path-history"},{"url":"value","valueString":"https://ths-greifswald.de/fhir/gpas/history.html"}],"url":"http://hl7.org/fhir/tools/StructureDefinition/ig-parameter"},{"extension":[{"url":"code","valueCode":"template-html"},{"url":"value","valueString":"template-page.html"}],"url":"http://hl7.org/fhir/tools/StructureDefinition/ig-parameter"},{"extension":[{"url":"code","valueCode":"template-md"},{"url":"value","valueString":"template-page-md.html"}],"url":"http://hl7.org/fhir/tools/StructureDefinition/ig-parameter"},{"extension":[{"url":"code","valueCode":"apply-contact"},{"url":"value","valueString":"true"}],"url":"http://hl7.org/fhir/tools/StructureDefinition/ig-parameter"},{"extension":[{"url":"code","valueCode":"apply-context"},{"url":"value","valueString":"true"}],"url":"http://hl7.org/fhir/tools/StructureDefinition/ig-parameter"},{"extension":[{"url":"code","valueCode":"apply-copyright"},{"url":"value","valueString":"true"}],"url":"http://hl7.org/fhir/tools/StructureDefinition/ig-parameter"},{"extension":[{"url":"code","valueCode":"apply-jurisdiction"},{"url":"value","valueString":"true"}],"url":"http://hl7.org/fhir/tools/StructureDefinition/ig-parameter"},{"extension":[{"url":"code","valueCode":"apply-license"},{"url":"value","valueString":"true"}],"url":"http://hl7.org/fhir/tools/StructureDefinition/ig-parameter"},{"extension":[{"url":"code","valueCode":"apply-publisher"},{"url":"value","valueString":"true"}],"url":"http://hl7.org/fhir/tools/StructureDefinition/ig-parameter"},{"extension":[{"url":"code","valueCode":"apply-version"},{"url":"value","valueString":"true"}],"url":"http://hl7.org/fhir/tools/StructureDefinition/ig-parameter"},{"extension":[{"url":"code","valueCode":"apply-wg"},{"url":"value","valueString":"true"}],"url":"http://hl7.org/fhir/tools/StructureDefinition/ig-parameter"},{"extension":[{"url":"code","valueCode":"active-tables"},{"url":"value","valueString":"true"}],"url":"http://hl7.org/fhir/tools/StructureDefinition/ig-parameter"},{"extension":[{"url":"code","valueCode":"fmm-definition"},{"url":"value","valueString":"http://hl7.org/fhir/versions.html#maturity"}],"url":"http://hl7.org/fhir/tools/StructureDefinition/ig-parameter"},{"extension":[{"url":"code","valueCode":"propagate-status"},{"url":"value","valueString":"true"}],"url":"http://hl7.org/fhir/tools/StructureDefinition/ig-parameter"},{"extension":[{"url":"code","valueCode":"excludelogbinaryformat"},{"url":"value","valueString":"true"}],"url":"http://hl7.org/fhir/tools/StructureDefinition/ig-parameter"},{"extension":[{"url":"code","valueCode":"tabbed-snapshots"},{"url":"value","valueString":"true"}],"url":"http://hl7.org/fhir/tools/StructureDefinition/ig-parameter"},{"extension":[{"url":"code","valueCode":"copyrightyear"},{"url":"value","valueString":"2021+"}],"url":"http://hl7.org/fhir/tools/StructureDefinition/ig-parameter"},{"extension":[{"url":"code","valueCode":"releaselabel"},{"url":"value","valueString":"ci-build"}],"url":"http://hl7.org/fhir/tools/StructureDefinition/ig-parameter"},{"extension":[{"url":"code","valueCode":"autoload-resources"},{"url":"value","valueString":"true"}],"url":"http://hl7.org/fhir/tools/StructureDefinition/ig-parameter"},{"extension":[{"url":"code","valueCode":"path-liquid"},{"url":"value","valueString":"template/liquid"}],"url":"http://hl7.org/fhir/tools/StructureDefinition/ig-parameter"},{"extension":[{"url":"code","valueCode":"path-liquid"},{"url":"value","valueString":"input/liquid"}],"url":"http://hl7.org/fhir/tools/StructureDefinition/ig-parameter"},{"extension":[{"url":"code","valueCode":"path-qa"},{"url":"value","valueString":"temp/qa"}],"url":"http://hl7.org/fhir/tools/StructureDefinition/ig-parameter"},{"extension":[{"url":"code","valueCode":"path-temp"},{"url":"value","valueString":"temp/pages"}],"url":"http://hl7.org/fhir/tools/StructureDefinition/ig-parameter"},{"extension":[{"url":"code","valueCode":"path-output"},{"url":"value","valueString":"output"}],"url":"http://hl7.org/fhir/tools/StructureDefinition/ig-parameter"},{"extension":[{"url":"code","valueCode":"path-suppressed-warnings"},{"url":"value","valueString":"input/ignoreWarnings.txt"}],"url":"http://hl7.org/fhir/tools/StructureDefinition/ig-parameter"},{"extension":[{"url":"code","valueCode":"path-history"},{"url":"value","valueString":"https://ths-greifswald.de/fhir/gpas/history.html"}],"url":"http://hl7.org/fhir/tools/StructureDefinition/ig-parameter"},{"extension":[{"url":"code","valueCode":"template-html"},{"url":"value","valueString":"template-page.html"}],"url":"http://hl7.org/fhir/tools/StructureDefinition/ig-parameter"},{"extension":[{"url":"code","valueCode":"template-md"},{"url":"value","valueString":"template-page-md.html"}],"url":"http://hl7.org/fhir/tools/StructureDefinition/ig-parameter"},{"extension":[{"url":"code","valueCode":"apply-contact"},{"url":"value","valueString":"true"}],"url":"http://hl7.org/fhir/tools/StructureDefinition/ig-parameter"},{"extension":[{"url":"code","valueCode":"apply-context"},{"url":"value","valueString":"true"}],"url":"http://hl7.org/fhir/tools/StructureDefinition/ig-parameter"},{"extension":[{"url":"code","valueCode":"apply-copyright"},{"url":"value","valueString":"true"}],"url":"http://hl7.org/fhir/tools/StructureDefinition/ig-parameter"},{"extension":[{"url":"code","valueCode":"apply-jurisdiction"},{"url":"value","valueString":"true"}],"url":"http://hl7.org/fhir/tools/StructureDefinition/ig-parameter"},{"extension":[{"url":"code","valueCode":"apply-license"},{"url":"value","valueString":"true"}],"url":"http://hl7.org/fhir/tools/StructureDefinition/ig-parameter"},{"extension":[{"url":"code","valueCode":"apply-publisher"},{"url":"value","valueString":"true"}],"url":"http://hl7.org/fhir/tools/StructureDefinition/ig-parameter"},{"extension":[{"url":"code","valueCode":"apply-version"},{"url":"value","valueString":"true"}],"url":"http://hl7.org/fhir/tools/StructureDefinition/ig-parameter"},{"extension":[{"url":"code","valueCode":"apply-wg"},{"url":"value","valueString":"true"}],"url":"http://hl7.org/fhir/tools/StructureDefinition/ig-parameter"},{"extension":[{"url":"code","valueCode":"active-tables"},{"url":"value","valueString":"true"}],"url":"http://hl7.org/fhir/tools/StructureDefinition/ig-parameter"},{"extension":[{"url":"code","valueCode":"fmm-definition"},{"url":"value","valueString":"http://hl7.org/fhir/versions.html#maturity"}],"url":"http://hl7.org/fhir/tools/StructureDefinition/ig-parameter"},{"extension":[{"url":"code","valueCode":"propagate-status"},{"url":"value","valueString":"true"}],"url":"http://hl7.org/fhir/tools/StructureDefinition/ig-parameter"},{"extension":[{"url":"code","valueCode":"excludelogbinaryformat"},{"url":"value","valueString":"true"}],"url":"http://hl7.org/fhir/tools/StructureDefinition/ig-parameter"},{"extension":[{"url":"code","valueCode":"tabbed-snapshots"},{"url":"value","valueString":"true"}],"url":"http://hl7.org/fhir/tools/StructureDefinition/ig-parameter"}],"grouping":[{"id":"-dyn-operationdefinition","name":"Behavior: Operation Definitions","description":"These are custom operations that can be supported by and/or invoked by systems conforming to this implementation guide."},{"id":"-term-valueset","name":"Terminology: Value Sets","description":"These define sets of codes used by systems conforming to this implementation guide."},{"id":"-term-codesystem","name":"Terminology: Code Systems","description":"These define new code systems used by systems conforming to this implementation guide."},{"id":"-ex-example","name":"Example: Example Instances","description":"These are example instances that show what data produced and consumed by systems conforming with this implementation guide might look like."}],"resource":[{"extension":[{"url":"http://hl7.org/fhir/tools/StructureDefinition/resource-sort","valueInteger":999999999},{"url":"http://hl7.org/fhir/StructureDefinition/implementationguide-page","valueUri":"OperationDefinition-AnonymizeOriginals.html"}],"reference":{"reference":"OperationDefinition/AnonymizeOriginals"},"name":"anonymizeOriginals","description":"Anonymisiert eine gegebene Liste von 1-n Originalwerten innerhalb der angegebenen Domäne. Dabei wird der Bezug von Originalwert und Pseudonym dauerhaft únd irreversibel gelöscht.","exampleBoolean":false,"groupingId":"-dyn-operationdefinition"},{"extension":[{"url":"http://hl7.org/fhir/tools/StructureDefinition/resource-sort","valueInteger":999999999},{"url":"http://hl7.org/fhir/StructureDefinition/implementationguide-page","valueUri":"OperationDefinition-DePseudonymize.html"}],"reference":{"reference":"OperationDefinition/DePseudonymize"},"name":"dePseudonymize","description":"Abfrage je eines Originalwertes für eine Liste von 1-n Pseudonymen und eine spezifische Domäne.","exampleBoolean":false,"groupingId":"-dyn-operationdefinition"},{"extension":[{"url":"http://hl7.org/fhir/tools/StructureDefinition/resource-sort","valueInteger":999999999},{"url":"http://hl7.org/fhir/StructureDefinition/implementationguide-page","valueUri":"OperationDefinition-DeletePseudonyms.html"}],"reference":{"reference":"OperationDefinition/DeletePseudonyms"},"name":"deletePseudonyms","exampleBoolean":false,"groupingId":"-dyn-operationdefinition"},{"extension":[{"url":"http://hl7.org/fhir/tools/StructureDefinition/resource-sort","valueInteger":999999999},{"url":"http://hl7.org/fhir/StructureDefinition/implementationguide-page","valueUri":"OperationDefinition-InsertValuePseudonymPairs.html"}],"reference":{"reference":"OperationDefinition/InsertValuePseudonymPairs"},"name":"insertValuePseudonymPairs","description":"Fügt ein Wertepaar bestehend aus Originalwert und Pseudonym in eine vorkonfigurierte Domäne ein, z.B. für die Migration von Bestandspseudonymen","exampleBoolean":false,"groupingId":"-dyn-operationdefinition"},{"extension":[{"url":"http://hl7.org/fhir/tools/StructureDefinition/resource-sort","valueInteger":999999999},{"url":"http://hl7.org/fhir/StructureDefinition/implementationguide-page","valueUri":"OperationDefinition-Pseudonymize.html"}],"reference":{"reference":"OperationDefinition/Pseudonymize"},"name":"pseudonymize","description":"Abfrage je eines Pseudonym-Wertes für eine gegebene Liste von 1-n Originalwerten und eine spezifische Domäne.","exampleBoolean":false,"groupingId":"-dyn-operationdefinition"},{"extension":[{"url":"http://hl7.org/fhir/tools/StructureDefinition/resource-sort","valueInteger":999999999},{"url":"http://hl7.org/fhir/StructureDefinition/implementationguide-page","valueUri":"OperationDefinition-PseudonymizeSecondary.html"}],"reference":{"reference":"OperationDefinition/PseudonymizeSecondary"},"name":"pseudonymize-secondary","description":"Erzeugung einer spezifischen Anzahl von Pseudonymen in einem vorhandenen Pseudonymisierungskontext bei gleichzeitiger Zuordnung zum übermittelten Originalwert.","exampleBoolean":false,"groupingId":"-dyn-operationdefinition"},{"extension":[{"url":"http://hl7.org/fhir/tools/StructureDefinition/resource-sort","valueInteger":999999999},{"url":"http://hl7.org/fhir/StructureDefinition/implementationguide-page","valueUri":"OperationDefinition-PseudonymizeAllowCreate.html"}],"reference":{"reference":"OperationDefinition/PseudonymizeAllowCreate"},"name":"pseudonymizeAllowCreate","description":"Generierung je eines Pseudonyms für eine Liste von Originalwerten und eine spezifische Domäne sofern es noch nicht vorhanden ist. Sofern die Zuordnung Originalwert und Domäne bereits bekannt ist, wird das zugeordnete vorhandene Pseudonym zurückgegeben.","exampleBoolean":false,"groupingId":"-dyn-operationdefinition"},{"extension":[{"url":"http://hl7.org/fhir/tools/StructureDefinition/resource-sort","valueInteger":999999999},{"url":"http://hl7.org/fhir/StructureDefinition/implementationguide-page","valueUri":"ValueSet-BloomfilterTypeVS.html"}],"reference":{"reference":"ValueSet/BloomfilterTypeVS"},"name":"BloomfilterType","exampleBoolean":false,"groupingId":"-term-valueset"},{"extension":[{"url":"http://hl7.org/fhir/tools/StructureDefinition/resource-sort","valueInteger":999999999},{"url":"http://hl7.org/fhir/StructureDefinition/implementationguide-page","valueUri":"ValueSet-ConsentComponentTypeVS.html"}],"reference":{"reference":"ValueSet/ConsentComponentTypeVS"},"name":"ConsentComponentType","exampleBoolean":false,"groupingId":"-term-valueset"},{"extension":[{"url":"http://hl7.org/fhir/tools/StructureDefinition/resource-sort","valueInteger":999999999},{"url":"http://hl7.org/fhir/StructureDefinition/implementationguide-page","valueUri":"ValueSet-ConsentPolicyActionVS.html"}],"reference":{"reference":"ValueSet/ConsentPolicyActionVS"},"name":"ConsentPolicyAction","exampleBoolean":false,"groupingId":"-term-valueset"},{"extension":[{"url":"http://hl7.org/fhir/tools/StructureDefinition/resource-sort","valueInteger":999999999},{"url":"http://hl7.org/fhir/StructureDefinition/implementationguide-page","valueUri":"ValueSet-ConsentPolicyActorVS.html"}],"reference":{"reference":"ValueSet/ConsentPolicyActorVS"},"name":"ConsentPolicyActor","exampleBoolean":false,"groupingId":"-term-valueset"},{"extension":[{"url":"http://hl7.org/fhir/tools/StructureDefinition/resource-sort","valueInteger":999999999},{"url":"http://hl7.org/fhir/StructureDefinition/implementationguide-page","valueUri":"ValueSet-ConsentPolicyClassVS.html"}],"reference":{"reference":"ValueSet/ConsentPolicyClassVS"},"name":"ConsentPolicyClass","exampleBoolean":false,"groupingId":"-term-valueset"},{"extension":[{"url":"http://hl7.org/fhir/tools/StructureDefinition/resource-sort","valueInteger":999999999},{"url":"http://hl7.org/fhir/StructureDefinition/implementationguide-page","valueUri":"ValueSet-ConsentPolicyPurposeVS.html"}],"reference":{"reference":"ValueSet/ConsentPolicyPurposeVS"},"name":"ConsentPolicyPurpose","exampleBoolean":false,"groupingId":"-term-valueset"},{"extension":[{"url":"http://hl7.org/fhir/tools/StructureDefinition/resource-sort","valueInteger":999999999},{"url":"http://hl7.org/fhir/StructureDefinition/implementationguide-page","valueUri":"ValueSet-ConsentStatusVS.html"}],"reference":{"reference":"ValueSet/ConsentStatusVS"},"name":"ConsentStatus","exampleBoolean":false,"groupingId":"-term-valueset"},{"extension":[{"url":"http://hl7.org/fhir/tools/StructureDefinition/resource-sort","valueInteger":999999999},{"url":"http://hl7.org/fhir/StructureDefinition/implementationguide-page","valueUri":"ValueSet-ConsentStatusConsentFullValuesVS.html"}],"reference":{"reference":"ValueSet/ConsentStatusConsentFullValuesVS"},"name":"ConsentStatusConsentFullValues","exampleBoolean":false,"groupingId":"-term-valueset"},{"extension":[{"url":"http://hl7.org/fhir/tools/StructureDefinition/resource-sort","valueInteger":999999999},{"url":"http://hl7.org/fhir/StructureDefinition/implementationguide-page","valueUri":"ValueSet-ConsentStatusConsentOptOutFullValuesVS.html"}],"reference":{"reference":"ValueSet/ConsentStatusConsentOptOutFullValuesVS"},"name":"ConsentStatusConsentOptOutFullValues","exampleBoolean":false,"groupingId":"-term-valueset"},{"extension":[{"url":"http://hl7.org/fhir/tools/StructureDefinition/resource-sort","valueInteger":999999999},{"url":"http://hl7.org/fhir/StructureDefinition/implementationguide-page","valueUri":"ValueSet-ConsentStatusConsentOptOutShortValuesVS.html"}],"reference":{"reference":"ValueSet/ConsentStatusConsentOptOutShortValuesVS"},"name":"ConsentStatusConsentOptOutShortValues","exampleBoolean":false,"groupingId":"-term-valueset"},{"extension":[{"url":"http://hl7.org/fhir/tools/StructureDefinition/resource-sort","valueInteger":999999999},{"url":"http://hl7.org/fhir/StructureDefinition/implementationguide-page","valueUri":"ValueSet-ConsentStatusConsentShortValuesVS.html"}],"reference":{"reference":"ValueSet/ConsentStatusConsentShortValuesVS"},"name":"ConsentStatusConsentShortValues","exampleBoolean":false,"groupingId":"-term-valueset"},{"extension":[{"url":"http://hl7.org/fhir/tools/StructureDefinition/resource-sort","valueInteger":999999999},{"url":"http://hl7.org/fhir/StructureDefinition/implementationguide-page","valueUri":"ValueSet-ConsentStatusObjectionFullValuesVS.html"}],"reference":{"reference":"ValueSet/ConsentStatusObjectionFullValuesVS"},"name":"ConsentStatusObjectionFullValues","exampleBoolean":false,"groupingId":"-term-valueset"},{"extension":[{"url":"http://hl7.org/fhir/tools/StructureDefinition/resource-sort","valueInteger":999999999},{"url":"http://hl7.org/fhir/StructureDefinition/implementationguide-page","valueUri":"ValueSet-ConsentStatusObjectionShortValuesVS.html"}],"reference":{"reference":"ValueSet/ConsentStatusObjectionShortValuesVS"},"name":"ConsentStatusObjectionShortValues","exampleBoolean":false,"groupingId":"-term-valueset"},{"extension":[{"url":"http://hl7.org/fhir/tools/StructureDefinition/resource-sort","valueInteger":999999999},{"url":"http://hl7.org/fhir/StructureDefinition/implementationguide-page","valueUri":"ValueSet-ConsentStatusRefusalFullValuesVS.html"}],"reference":{"reference":"ValueSet/ConsentStatusRefusalFullValuesVS"},"name":"ConsentStatusRefusalFullValues","exampleBoolean":false,"groupingId":"-term-valueset"},{"extension":[{"url":"http://hl7.org/fhir/tools/StructureDefinition/resource-sort","valueInteger":999999999},{"url":"http://hl7.org/fhir/StructureDefinition/implementationguide-page","valueUri":"ValueSet-ConsentStatusRefusalShortValuesVS.html"}],"reference":{"reference":"ValueSet/ConsentStatusRefusalShortValuesVS"},"name":"ConsentStatusRefusalShortValues","exampleBoolean":false,"groupingId":"-term-valueset"},{"extension":[{"url":"http://hl7.org/fhir/tools/StructureDefinition/resource-sort","valueInteger":999999999},{"url":"http://hl7.org/fhir/StructureDefinition/implementationguide-page","valueUri":"ValueSet-ConsentStatusWithdrawalFullValuesVS.html"}],"reference":{"reference":"ValueSet/ConsentStatusWithdrawalFullValuesVS"},"name":"ConsentStatusWithdrawalFullValues","exampleBoolean":false,"groupingId":"-term-valueset"},{"extension":[{"url":"http://hl7.org/fhir/tools/StructureDefinition/resource-sort","valueInteger":999999999},{"url":"http://hl7.org/fhir/StructureDefinition/implementationguide-page","valueUri":"ValueSet-ConsentStatusWithdrawalShortValuesVS.html"}],"reference":{"reference":"ValueSet/ConsentStatusWithdrawalShortValuesVS"},"name":"ConsentStatusWithdrawalShortValues","exampleBoolean":false,"groupingId":"-term-valueset"},{"extension":[{"url":"http://hl7.org/fhir/tools/StructureDefinition/resource-sort","valueInteger":999999999},{"url":"http://hl7.org/fhir/StructureDefinition/implementationguide-page","valueUri":"ValueSet-IdMatchingTypeVS.html"}],"reference":{"reference":"ValueSet/IdMatchingTypeVS"},"name":"IdMatchingType","exampleBoolean":false,"groupingId":"-term-valueset"},{"extension":[{"url":"http://hl7.org/fhir/tools/StructureDefinition/resource-sort","valueInteger":999999999},{"url":"http://hl7.org/fhir/StructureDefinition/implementationguide-page","valueUri":"ValueSet-IdatElementsVS.html"}],"reference":{"reference":"ValueSet/IdatElementsVS"},"name":"IdatElements","exampleBoolean":false,"groupingId":"-term-valueset"},{"extension":[{"url":"http://hl7.org/fhir/tools/StructureDefinition/resource-sort","valueInteger":999999999},{"url":"http://hl7.org/fhir/StructureDefinition/implementationguide-page","valueUri":"ValueSet-MatchStatusVS.html"}],"reference":{"reference":"ValueSet/MatchStatusVS"},"name":"MatchStatus","exampleBoolean":false,"groupingId":"-term-valueset"},{"extension":[{"url":"http://hl7.org/fhir/tools/StructureDefinition/resource-sort","valueInteger":999999999},{"url":"http://hl7.org/fhir/StructureDefinition/implementationguide-page","valueUri":"ValueSet-PolicyVS.html"}],"reference":{"reference":"ValueSet/PolicyVS"},"name":"Policy","exampleBoolean":false,"groupingId":"-term-valueset"},{"extension":[{"url":"http://hl7.org/fhir/tools/StructureDefinition/resource-sort","valueInteger":999999999},{"url":"http://hl7.org/fhir/StructureDefinition/implementationguide-page","valueUri":"ValueSet-PolicyStatusVS.html"}],"reference":{"reference":"ValueSet/PolicyStatusVS"},"name":"PolicyStatus","exampleBoolean":false,"groupingId":"-term-valueset"},{"extension":[{"url":"http://hl7.org/fhir/tools/StructureDefinition/resource-sort","valueInteger":999999999},{"url":"http://hl7.org/fhir/StructureDefinition/implementationguide-page","valueUri":"ValueSet-SaveActionVS.html"}],"reference":{"reference":"ValueSet/SaveActionVS"},"name":"SaveAction","exampleBoolean":false,"groupingId":"-term-valueset"},{"extension":[{"url":"http://hl7.org/fhir/tools/StructureDefinition/resource-sort","valueInteger":999999999},{"url":"http://hl7.org/fhir/StructureDefinition/implementationguide-page","valueUri":"CodeSystem-BloomfilterTypeCS.html"}],"reference":{"reference":"CodeSystem/BloomfilterTypeCS"},"name":"BloomfilterType","description":"Types of Bloomfilters.","exampleBoolean":false,"groupingId":"-term-codesystem"},{"extension":[{"url":"http://hl7.org/fhir/tools/StructureDefinition/resource-sort","valueInteger":999999999},{"url":"http://hl7.org/fhir/StructureDefinition/implementationguide-page","valueUri":"CodeSystem-ConsentComponentTypeCS.html"}],"reference":{"reference":"CodeSystem/ConsentComponentTypeCS"},"name":"ConsentComponentType","description":"Typen der für gICS relevanten Consent-Componenten zur Unterscheidung als Suchkriterium","exampleBoolean":false,"groupingId":"-term-codesystem"},{"extension":[{"url":"http://hl7.org/fhir/tools/StructureDefinition/resource-sort","valueInteger":999999999},{"url":"http://hl7.org/fhir/StructureDefinition/implementationguide-page","valueUri":"CodeSystem-ConsentPolicyActionCS.html"}],"reference":{"reference":"CodeSystem/ConsentPolicyActionCS"},"name":"ConsentPolicyAction","description":"Extensible description of the permissible (data processing-) action resulting from consented module or policy.","exampleBoolean":false,"groupingId":"-term-codesystem"},{"extension":[{"url":"http://hl7.org/fhir/tools/StructureDefinition/resource-sort","valueInteger":999999999},{"url":"http://hl7.org/fhir/StructureDefinition/implementationguide-page","valueUri":"CodeSystem-ConsentPolicyActorCS.html"}],"reference":{"reference":"CodeSystem/ConsentPolicyActorCS"},"name":"ConsentPolicyActor","description":"Expandable categorisation of consumer/requestor of a consent enforcement request  related to a specific consent component (e.g. policy or module)","exampleBoolean":false,"groupingId":"-term-codesystem"},{"extension":[{"url":"http://hl7.org/fhir/tools/StructureDefinition/resource-sort","valueInteger":999999999},{"url":"http://hl7.org/fhir/StructureDefinition/implementationguide-page","valueUri":"CodeSystem-ConsentPolicyClassCS.html"}],"reference":{"reference":"CodeSystem/ConsentPolicyClassCS"},"name":"ConsentPolicyClass","description":"Extensible description of the application perspective of a ConsentPolicy (e.g. selected data view 'IDAT')","exampleBoolean":false,"groupingId":"-term-codesystem"},{"extension":[{"url":"http://hl7.org/fhir/tools/StructureDefinition/resource-sort","valueInteger":999999999},{"url":"http://hl7.org/fhir/StructureDefinition/implementationguide-page","valueUri":"CodeSystem-ConsentPolicyPurposeCS.html"}],"reference":{"reference":"CodeSystem/ConsentPolicyPurposeCS"},"name":"ConsentPolicyPurpose","description":"Expandable specification of the application context and/or scope of a consent policy or module","exampleBoolean":false,"groupingId":"-term-codesystem"},{"extension":[{"url":"http://hl7.org/fhir/tools/StructureDefinition/resource-sort","valueInteger":999999999},{"url":"http://hl7.org/fhir/StructureDefinition/implementationguide-page","valueUri":"CodeSystem-ConsentStatusCS.html"}],"reference":{"reference":"CodeSystem/ConsentStatusCS"},"name":"ConsentStatus","description":" consent states are used to depict the participant’s will. Therefore, documentation should allow different status values. Further details from https://doi.org/10.1186/s12967-020-02457-y","exampleBoolean":false,"groupingId":"-term-codesystem"},{"extension":[{"url":"http://hl7.org/fhir/tools/StructureDefinition/resource-sort","valueInteger":999999999},{"url":"http://hl7.org/fhir/StructureDefinition/implementationguide-page","valueUri":"CodeSystem-DesignationUseCS.html"}],"reference":{"reference":"CodeSystem/DesignationUseCS"},"name":"DesignationUse","description":"Use codes (contexts) for terminology designations","exampleBoolean":false,"groupingId":"-term-codesystem"},{"extension":[{"url":"http://hl7.org/fhir/tools/StructureDefinition/resource-sort","valueInteger":999999999},{"url":"http://hl7.org/fhir/StructureDefinition/implementationguide-page","valueUri":"CodeSystem-IdMatchingTypeCS.html"}],"reference":{"reference":"CodeSystem/IdMatchingTypeCS"},"name":"IdMatchingType","description":"ID matching types used in consent management","exampleBoolean":false,"groupingId":"-term-codesystem"},{"extension":[{"url":"http://hl7.org/fhir/tools/StructureDefinition/resource-sort","valueInteger":999999999},{"url":"http://hl7.org/fhir/StructureDefinition/implementationguide-page","valueUri":"CodeSystem-IdatElementsCS.html"}],"reference":{"reference":"CodeSystem/IdatElementsCS"},"name":"IdatElements","description":"Element names for use in $requestTasks operation.","exampleBoolean":false,"groupingId":"-term-codesystem"},{"extension":[{"url":"http://hl7.org/fhir/tools/StructureDefinition/resource-sort","valueInteger":999999999},{"url":"http://hl7.org/fhir/StructureDefinition/implementationguide-page","valueUri":"CodeSystem-MatchStatusCS.html"}],"reference":{"reference":"CodeSystem/MatchStatusCS"},"name":"MatchStatus","description":"Possible match statuses in the context of adding patient identities.","exampleBoolean":false,"groupingId":"-term-codesystem"},{"extension":[{"url":"http://hl7.org/fhir/tools/StructureDefinition/resource-sort","valueInteger":999999999},{"url":"http://hl7.org/fhir/StructureDefinition/implementationguide-page","valueUri":"CodeSystem-PolicyCS.html"}],"reference":{"reference":"CodeSystem/PolicyCS"},"name":"Policy","description":"Policies used in consent management","exampleBoolean":false,"groupingId":"-term-codesystem"},{"extension":[{"url":"http://hl7.org/fhir/tools/StructureDefinition/resource-sort","valueInteger":999999999},{"url":"http://hl7.org/fhir/StructureDefinition/implementationguide-page","valueUri":"CodeSystem-SaveActionCS.html"}],"reference":{"reference":"CodeSystem/SaveActionCS"},"name":"SaveAction","description":"Possible save actions in the context of adding patient identities.","exampleBoolean":false,"groupingId":"-term-codesystem"},{"extension":[{"url":"http://hl7.org/fhir/tools/StructureDefinition/resource-sort","valueInteger":999999999},{"url":"http://hl7.org/fhir/StructureDefinition/implementationguide-page","valueUri":"Parameters-Parameters-AnonymizeOriginals-request-example-1.html"}],"reference":{"reference":"Parameters/Parameters-AnonymizeOriginals-request-example-1"},"name":"Parameters-AnonymizeOriginals-request-example-1","exampleBoolean":true,"groupingId":"-ex-example"},{"extension":[{"url":"http://hl7.org/fhir/tools/StructureDefinition/resource-sort","valueInteger":999999999},{"url":"http://hl7.org/fhir/StructureDefinition/implementationguide-page","valueUri":"Parameters-Parameters-AnonymizeOriginals-response-example-1.html"}],"reference":{"reference":"Parameters/Parameters-AnonymizeOriginals-response-example-1"},"name":"Parameters-AnonymizeOriginals-response-example-1","exampleBoolean":true,"groupingId":"-ex-example"},{"extension":[{"url":"http://hl7.org/fhir/tools/StructureDefinition/resource-sort","valueInteger":999999999},{"url":"http://hl7.org/fhir/StructureDefinition/implementationguide-page","valueUri":"Parameters-Parameters-DePseudonymize-request-example-1.html"}],"reference":{"reference":"Parameters/Parameters-DePseudonymize-request-example-1"},"name":"Parameters-DePseudonymize-request-example-1","exampleBoolean":true,"groupingId":"-ex-example"},{"extension":[{"url":"http://hl7.org/fhir/tools/StructureDefinition/resource-sort","valueInteger":999999999},{"url":"http://hl7.org/fhir/StructureDefinition/implementationguide-page","valueUri":"Parameters-Parameters-DePseudonymize-response-example-1.html"}],"reference":{"reference":"Parameters/Parameters-DePseudonymize-response-example-1"},"name":"Parameters-DePseudonymize-response-example-1","exampleBoolean":true,"groupingId":"-ex-example"},{"extension":[{"url":"http://hl7.org/fhir/tools/StructureDefinition/resource-sort","valueInteger":999999999},{"url":"http://hl7.org/fhir/StructureDefinition/implementationguide-page","valueUri":"Parameters-Parameters-DePseudonymize-response-example-2.html"}],"reference":{"reference":"Parameters/Parameters-DePseudonymize-response-example-2"},"name":"Parameters-DePseudonymize-response-example-2","exampleBoolean":true,"groupingId":"-ex-example"},{"extension":[{"url":"http://hl7.org/fhir/tools/StructureDefinition/resource-sort","valueInteger":999999999},{"url":"http://hl7.org/fhir/StructureDefinition/implementationguide-page","valueUri":"Parameters-Parameters-DeletePseudonyms-request-example-1.html"}],"reference":{"reference":"Parameters/Parameters-DeletePseudonyms-request-example-1"},"name":"Parameters-DeletePseudonyms-request-example-1","exampleBoolean":true,"groupingId":"-ex-example"},{"extension":[{"url":"http://hl7.org/fhir/tools/StructureDefinition/resource-sort","valueInteger":999999999},{"url":"http://hl7.org/fhir/StructureDefinition/implementationguide-page","valueUri":"Parameters-Parameters-DeletePseudonyms-response-example-1.html"}],"reference":{"reference":"Parameters/Parameters-DeletePseudonyms-response-example-1"},"name":"Parameters-DeletePseudonyms-response-example-1","exampleBoolean":true,"groupingId":"-ex-example"},{"extension":[{"url":"http://hl7.org/fhir/tools/StructureDefinition/resource-sort","valueInteger":999999999},{"url":"http://hl7.org/fhir/StructureDefinition/implementationguide-page","valueUri":"Parameters-Parameters-InsertValuePseudonymPairs-request-example-1.html"}],"reference":{"reference":"Parameters/Parameters-InsertValuePseudonymPairs-request-example-1"},"name":"Parameters-InsertValuePseudonymPairs-request-example-1","exampleBoolean":true,"groupingId":"-ex-example"},{"extension":[{"url":"http://hl7.org/fhir/tools/StructureDefinition/resource-sort","valueInteger":999999999},{"url":"http://hl7.org/fhir/StructureDefinition/implementationguide-page","valueUri":"Parameters-Parameters-InsertValuePseudonymPairs-response-example-1.html"}],"reference":{"reference":"Parameters/Parameters-InsertValuePseudonymPairs-response-example-1"},"name":"Parameters-InsertValuePseudonymPairs-response-example-1","exampleBoolean":true,"groupingId":"-ex-example"},{"extension":[{"url":"http://hl7.org/fhir/tools/StructureDefinition/resource-sort","valueInteger":999999999},{"url":"http://hl7.org/fhir/StructureDefinition/implementationguide-page","valueUri":"Parameters-Parameters-InsertValuePseudonymPairs-response-example-2.html"}],"reference":{"reference":"Parameters/Parameters-InsertValuePseudonymPairs-response-example-2"},"name":"Parameters-InsertValuePseudonymPairs-response-example-2","exampleBoolean":true,"groupingId":"-ex-example"},{"extension":[{"url":"http://hl7.org/fhir/tools/StructureDefinition/resource-sort","valueInteger":999999999},{"url":"http://hl7.org/fhir/StructureDefinition/implementationguide-page","valueUri":"Parameters-Parameters-Pseudonymize-request-example-1.html"}],"reference":{"reference":"Parameters/Parameters-Pseudonymize-request-example-1"},"name":"Parameters-Pseudonymize-request-example-1","exampleBoolean":true,"groupingId":"-ex-example"},{"extension":[{"url":"http://hl7.org/fhir/tools/StructureDefinition/resource-sort","valueInteger":999999999},{"url":"http://hl7.org/fhir/StructureDefinition/implementationguide-page","valueUri":"Parameters-Parameters-Pseudonymize-response-example-1.html"}],"reference":{"reference":"Parameters/Parameters-Pseudonymize-response-example-1"},"name":"Parameters-Pseudonymize-response-example-1","exampleBoolean":true,"groupingId":"-ex-example"},{"extension":[{"url":"http://hl7.org/fhir/tools/StructureDefinition/resource-sort","valueInteger":999999999},{"url":"http://hl7.org/fhir/StructureDefinition/implementationguide-page","valueUri":"Parameters-Parameters-Pseudonymize-response-example-2.html"}],"reference":{"reference":"Parameters/Parameters-Pseudonymize-response-example-2"},"name":"Parameters-Pseudonymize-response-example-2","exampleBoolean":true,"groupingId":"-ex-example"},{"extension":[{"url":"http://hl7.org/fhir/tools/StructureDefinition/resource-sort","valueInteger":999999999},{"url":"http://hl7.org/fhir/StructureDefinition/implementationguide-page","valueUri":"Parameters-Parameters-PseudonymizeAllowCreate-request-example-1.html"}],"reference":{"reference":"Parameters/Parameters-PseudonymizeAllowCreate-request-example-1"},"name":"Parameters-PseudonymizeAllowCreate-request-example-1","exampleBoolean":true,"groupingId":"-ex-example"},{"extension":[{"url":"http://hl7.org/fhir/tools/StructureDefinition/resource-sort","valueInteger":999999999},{"url":"http://hl7.org/fhir/StructureDefinition/implementationguide-page","valueUri":"Parameters-Parameters-PseudonymizeAllowCreate-response-example-1.html"}],"reference":{"reference":"Parameters/Parameters-PseudonymizeAllowCreate-response-example-1"},"name":"Parameters-PseudonymizeAllowCreate-response-example-1","exampleBoolean":true,"groupingId":"-ex-example"},{"extension":[{"url":"http://hl7.org/fhir/tools/StructureDefinition/resource-sort","valueInteger":999999999},{"url":"http://hl7.org/fhir/StructureDefinition/implementationguide-page","valueUri":"Parameters-Parameters-PseudonymizeSecondary-request-example-1.html"}],"reference":{"reference":"Parameters/Parameters-PseudonymizeSecondary-request-example-1"},"name":"Parameters-PseudonymizeSecondary-request-example-1","exampleBoolean":true,"groupingId":"-ex-example"},{"extension":[{"url":"http://hl7.org/fhir/tools/StructureDefinition/resource-sort","valueInteger":999999999},{"url":"http://hl7.org/fhir/StructureDefinition/implementationguide-page","valueUri":"Parameters-Parameters-PseudonymizeSecondary-response-example-1.html"}],"reference":{"reference":"Parameters/Parameters-PseudonymizeSecondary-response-example-1"},"name":"Parameters-PseudonymizeSecondary-response-example-1","exampleBoolean":true,"groupingId":"-ex-example"},{"extension":[{"url":"http://hl7.org/fhir/tools/StructureDefinition/resource-sort","valueInteger":999999999},{"url":"http://hl7.org/fhir/StructureDefinition/implementationguide-page","valueUri":"Parameters-Parameters-PseudonymizeSecondary-response-example-2.html"}],"reference":{"reference":"Parameters/Parameters-PseudonymizeSecondary-response-example-2"},"name":"Parameters-PseudonymizeSecondary-response-example-2","exampleBoolean":true,"groupingId":"-ex-example"}],"page":{"extension":[{"url":"http://hl7.org/fhir/tools/StructureDefinition/ig-page-name","valueUrl":"toc.html"}],"nameUrl":"toc.html","title":"Table of Contents","generation":"html","page":[{"extension":[{"url":"http://hl7.org/fhir/tools/StructureDefinition/ig-page-name","valueUrl":"Beschreibung.html"}],"nameUrl":"Beschreibung.html","title":"Beschreibung","generation":"markdown"},{"extension":[{"url":"http://hl7.org/fhir/tools/StructureDefinition/ig-page-name","valueUrl":"index.html"}],"nameUrl":"index.html","title":"Home","generation":"markdown"},{"extension":[{"url":"http://hl7.org/fhir/tools/StructureDefinition/ig-page-name","valueUrl":"KontextUndKonzept.html"}],"nameUrl":"KontextUndKonzept.html","title":"Kontext und Konzept","generation":"markdown"},{"extension":[{"url":"http://hl7.org/fhir/tools/StructureDefinition/ig-page-name","valueUrl":"Pseudonymmanagement.html"}],"nameUrl":"Pseudonymmanagement.html","title":"Pseudonymmanagement","generation":"markdown"},{"extension":[{"url":"http://hl7.org/fhir/tools/StructureDefinition/ig-page-name","valueUrl":"TechnischeGrundlagen.html"}],"nameUrl":"TechnischeGrundlagen.html","title":"Technische Grundlagen","generation":"markdown"},{"extension":[{"url":"http://hl7.org/fhir/tools/StructureDefinition/ig-page-name","valueUrl":"Vorgehen.html"}],"nameUrl":"Vorgehen.html","title":"Vorgehen","generation":"markdown"},{"extension":[{"url":"http://hl7.org/fhir/tools/StructureDefinition/ig-page-name","valueUrl":"artifacts.html"}],"nameUrl":"artifacts.html","title":"Artifacts Summary","generation":"html","page":[{"extension":[{"url":"http://hl7.org/fhir/tools/StructureDefinition/ig-page-name","valueUrl":"OperationDefinition-AnonymizeOriginals.html"}],"nameUrl":"OperationDefinition-AnonymizeOriginals.html","title":"anonymizeOriginals","generation":"generated"},{"extension":[{"url":"http://hl7.org/fhir/tools/StructureDefinition/ig-page-name","valueUrl":"OperationDefinition-DeletePseudonyms.html"}],"nameUrl":"OperationDefinition-DeletePseudonyms.html","title":"deletePseudonyms","generation":"generated"},{"extension":[{"url":"http://hl7.org/fhir/tools/StructureDefinition/ig-page-name","valueUrl":"OperationDefinition-DePseudonymize.html"}],"nameUrl":"OperationDefinition-DePseudonymize.html","title":"dePseudonymize","generation":"generated"},{"extension":[{"url":"http://hl7.org/fhir/tools/StructureDefinition/ig-page-name","valueUrl":"OperationDefinition-InsertValuePseudonymPairs.html"}],"nameUrl":"OperationDefinition-InsertValuePseudonymPairs.html","title":"insertValuePseudonymPairs","generation":"generated"},{"extension":[{"url":"http://hl7.org/fhir/tools/StructureDefinition/ig-page-name","valueUrl":"OperationDefinition-Pseudonymize.html"}],"nameUrl":"OperationDefinition-Pseudonymize.html","title":"pseudonymize","generation":"generated"},{"extension":[{"url":"http://hl7.org/fhir/tools/StructureDefinition/ig-page-name","valueUrl":"OperationDefinition-PseudonymizeSecondary.html"}],"nameUrl":"OperationDefinition-PseudonymizeSecondary.html","title":"pseudonymize-secondary","generation":"generated"},{"extension":[{"url":"http://hl7.org/fhir/tools/StructureDefinition/ig-page-name","valueUrl":"OperationDefinition-PseudonymizeAllowCreate.html"}],"nameUrl":"OperationDefinition-PseudonymizeAllowCreate.html","title":"pseudonymizeAllowCreate","generation":"generated"},{"extension":[{"url":"http://hl7.org/fhir/tools/StructureDefinition/ig-page-name","valueUrl":"ValueSet-BloomfilterTypeVS.html"}],"nameUrl":"ValueSet-BloomfilterTypeVS.html","title":"BloomfilterType","generation":"generated"},{"extension":[{"url":"http://hl7.org/fhir/tools/StructureDefinition/ig-page-name","valueUrl":"ValueSet-ConsentComponentTypeVS.html"}],"nameUrl":"ValueSet-ConsentComponentTypeVS.html","title":"ConsentComponentType","generation":"generated"},{"extension":[{"url":"http://hl7.org/fhir/tools/StructureDefinition/ig-page-name","valueUrl":"ValueSet-ConsentPolicyActionVS.html"}],"nameUrl":"ValueSet-ConsentPolicyActionVS.html","title":"ConsentPolicyAction","generation":"generated"},{"extension":[{"url":"http://hl7.org/fhir/tools/StructureDefinition/ig-page-name","valueUrl":"ValueSet-ConsentPolicyActorVS.html"}],"nameUrl":"ValueSet-ConsentPolicyActorVS.html","title":"ConsentPolicyActor","generation":"generated"},{"extension":[{"url":"http://hl7.org/fhir/tools/StructureDefinition/ig-page-name","valueUrl":"ValueSet-ConsentPolicyClassVS.html"}],"nameUrl":"ValueSet-ConsentPolicyClassVS.html","title":"ConsentPolicyClass","generation":"generated"},{"extension":[{"url":"http://hl7.org/fhir/tools/StructureDefinition/ig-page-name","valueUrl":"ValueSet-ConsentPolicyPurposeVS.html"}],"nameUrl":"ValueSet-ConsentPolicyPurposeVS.html","title":"ConsentPolicyPurpose","generation":"generated"},{"extension":[{"url":"http://hl7.org/fhir/tools/StructureDefinition/ig-page-name","valueUrl":"ValueSet-ConsentStatusVS.html"}],"nameUrl":"ValueSet-ConsentStatusVS.html","title":"ConsentStatus","generation":"generated"},{"extension":[{"url":"http://hl7.org/fhir/tools/StructureDefinition/ig-page-name","valueUrl":"ValueSet-ConsentStatusConsentFullValuesVS.html"}],"nameUrl":"ValueSet-ConsentStatusConsentFullValuesVS.html","title":"ConsentStatusConsentFullValues","generation":"generated"},{"extension":[{"url":"http://hl7.org/fhir/tools/StructureDefinition/ig-page-name","valueUrl":"ValueSet-ConsentStatusConsentOptOutFullValuesVS.html"}],"nameUrl":"ValueSet-ConsentStatusConsentOptOutFullValuesVS.html","title":"ConsentStatusConsentOptOutFullValues","generation":"generated"},{"extension":[{"url":"http://hl7.org/fhir/tools/StructureDefinition/ig-page-name","valueUrl":"ValueSet-ConsentStatusConsentOptOutShortValuesVS.html"}],"nameUrl":"ValueSet-ConsentStatusConsentOptOutShortValuesVS.html","title":"ConsentStatusConsentOptOutShortValues","generation":"generated"},{"extension":[{"url":"http://hl7.org/fhir/tools/StructureDefinition/ig-page-name","valueUrl":"ValueSet-ConsentStatusConsentShortValuesVS.html"}],"nameUrl":"ValueSet-ConsentStatusConsentShortValuesVS.html","title":"ConsentStatusConsentShortValues","generation":"generated"},{"extension":[{"url":"http://hl7.org/fhir/tools/StructureDefinition/ig-page-name","valueUrl":"ValueSet-ConsentStatusObjectionFullValuesVS.html"}],"nameUrl":"ValueSet-ConsentStatusObjectionFullValuesVS.html","title":"ConsentStatusObjectionFullValues","generation":"generated"},{"extension":[{"url":"http://hl7.org/fhir/tools/StructureDefinition/ig-page-name","valueUrl":"ValueSet-ConsentStatusObjectionShortValuesVS.html"}],"nameUrl":"ValueSet-ConsentStatusObjectionShortValuesVS.html","title":"ConsentStatusObjectionShortValues","generation":"generated"},{"extension":[{"url":"http://hl7.org/fhir/tools/StructureDefinition/ig-page-name","valueUrl":"ValueSet-ConsentStatusRefusalFullValuesVS.html"}],"nameUrl":"ValueSet-ConsentStatusRefusalFullValuesVS.html","title":"ConsentStatusRefusalFullValues","generation":"generated"},{"extension":[{"url":"http://hl7.org/fhir/tools/StructureDefinition/ig-page-name","valueUrl":"ValueSet-ConsentStatusRefusalShortValuesVS.html"}],"nameUrl":"ValueSet-ConsentStatusRefusalShortValuesVS.html","title":"ConsentStatusRefusalShortValues","generation":"generated"},{"extension":[{"url":"http://hl7.org/fhir/tools/StructureDefinition/ig-page-name","valueUrl":"ValueSet-ConsentStatusWithdrawalFullValuesVS.html"}],"nameUrl":"ValueSet-ConsentStatusWithdrawalFullValuesVS.html","title":"ConsentStatusWithdrawalFullValues","generation":"generated"},{"extension":[{"url":"http://hl7.org/fhir/tools/StructureDefinition/ig-page-name","valueUrl":"ValueSet-ConsentStatusWithdrawalShortValuesVS.html"}],"nameUrl":"ValueSet-ConsentStatusWithdrawalShortValuesVS.html","title":"ConsentStatusWithdrawalShortValues","generation":"generated"},{"extension":[{"url":"http://hl7.org/fhir/tools/StructureDefinition/ig-page-name","valueUrl":"ValueSet-IdatElementsVS.html"}],"nameUrl":"ValueSet-IdatElementsVS.html","title":"IdatElements","generation":"generated"},{"extension":[{"url":"http://hl7.org/fhir/tools/StructureDefinition/ig-page-name","valueUrl":"ValueSet-IdMatchingTypeVS.html"}],"nameUrl":"ValueSet-IdMatchingTypeVS.html","title":"IdMatchingType","generation":"generated"},{"extension":[{"url":"http://hl7.org/fhir/tools/StructureDefinition/ig-page-name","valueUrl":"ValueSet-MatchStatusVS.html"}],"nameUrl":"ValueSet-MatchStatusVS.html","title":"MatchStatus","generation":"generated"},{"extension":[{"url":"http://hl7.org/fhir/tools/StructureDefinition/ig-page-name","valueUrl":"ValueSet-PolicyVS.html"}],"nameUrl":"ValueSet-PolicyVS.html","title":"Policy","generation":"generated"},{"extension":[{"url":"http://hl7.org/fhir/tools/StructureDefinition/ig-page-name","valueUrl":"ValueSet-PolicyStatusVS.html"}],"nameUrl":"ValueSet-PolicyStatusVS.html","title":"PolicyStatus","generation":"generated"},{"extension":[{"url":"http://hl7.org/fhir/tools/StructureDefinition/ig-page-name","valueUrl":"ValueSet-SaveActionVS.html"}],"nameUrl":"ValueSet-SaveActionVS.html","title":"SaveAction","generation":"generated"},{"extension":[{"url":"http://hl7.org/fhir/tools/StructureDefinition/ig-page-name","valueUrl":"CodeSystem-BloomfilterTypeCS.html"}],"nameUrl":"CodeSystem-BloomfilterTypeCS.html","title":"BloomfilterType","generation":"generated"},{"extension":[{"url":"http://hl7.org/fhir/tools/StructureDefinition/ig-page-name","valueUrl":"CodeSystem-ConsentComponentTypeCS.html"}],"nameUrl":"CodeSystem-ConsentComponentTypeCS.html","title":"ConsentComponentType","generation":"generated"},{"extension":[{"url":"http://hl7.org/fhir/tools/StructureDefinition/ig-page-name","valueUrl":"CodeSystem-ConsentPolicyActionCS.html"}],"nameUrl":"CodeSystem-ConsentPolicyActionCS.html","title":"ConsentPolicyAction","generation":"generated"},{"extension":[{"url":"http://hl7.org/fhir/tools/StructureDefinition/ig-page-name","valueUrl":"CodeSystem-ConsentPolicyActorCS.html"}],"nameUrl":"CodeSystem-ConsentPolicyActorCS.html","title":"ConsentPolicyActor","generation":"generated"},{"extension":[{"url":"http://hl7.org/fhir/tools/StructureDefinition/ig-page-name","valueUrl":"CodeSystem-ConsentPolicyClassCS.html"}],"nameUrl":"CodeSystem-ConsentPolicyClassCS.html","title":"ConsentPolicyClass","generation":"generated"},{"extension":[{"url":"http://hl7.org/fhir/tools/StructureDefinition/ig-page-name","valueUrl":"CodeSystem-ConsentPolicyPurposeCS.html"}],"nameUrl":"CodeSystem-ConsentPolicyPurposeCS.html","title":"ConsentPolicyPurpose","generation":"generated"},{"extension":[{"url":"http://hl7.org/fhir/tools/StructureDefinition/ig-page-name","valueUrl":"CodeSystem-ConsentStatusCS.html"}],"nameUrl":"CodeSystem-ConsentStatusCS.html","title":"ConsentStatus","generation":"generated"},{"extension":[{"url":"http://hl7.org/fhir/tools/StructureDefinition/ig-page-name","valueUrl":"CodeSystem-DesignationUseCS.html"}],"nameUrl":"CodeSystem-DesignationUseCS.html","title":"DesignationUse","generation":"generated"},{"extension":[{"url":"http://hl7.org/fhir/tools/StructureDefinition/ig-page-name","valueUrl":"CodeSystem-IdatElementsCS.html"}],"nameUrl":"CodeSystem-IdatElementsCS.html","title":"IdatElements","generation":"generated"},{"extension":[{"url":"http://hl7.org/fhir/tools/StructureDefinition/ig-page-name","valueUrl":"CodeSystem-IdMatchingTypeCS.html"}],"nameUrl":"CodeSystem-IdMatchingTypeCS.html","title":"IdMatchingType","generation":"generated"},{"extension":[{"url":"http://hl7.org/fhir/tools/StructureDefinition/ig-page-name","valueUrl":"CodeSystem-MatchStatusCS.html"}],"nameUrl":"CodeSystem-MatchStatusCS.html","title":"MatchStatus","generation":"generated"},{"extension":[{"url":"http://hl7.org/fhir/tools/StructureDefinition/ig-page-name","valueUrl":"CodeSystem-PolicyCS.html"}],"nameUrl":"CodeSystem-PolicyCS.html","title":"Policy","generation":"generated"},{"extension":[{"url":"http://hl7.org/fhir/tools/StructureDefinition/ig-page-name","valueUrl":"CodeSystem-SaveActionCS.html"}],"nameUrl":"CodeSystem-SaveActionCS.html","title":"SaveAction","generation":"generated"},{"extension":[{"url":"http://hl7.org/fhir/tools/StructureDefinition/ig-page-name","valueUrl":"Parameters-Parameters-AnonymizeOriginals-request-example-1.html"}],"nameUrl":"Parameters-Parameters-AnonymizeOriginals-request-example-1.html","title":"Parameters-AnonymizeOriginals-request-example-1","generation":"generated"},{"extension":[{"url":"http://hl7.org/fhir/tools/StructureDefinition/ig-page-name","valueUrl":"Parameters-Parameters-AnonymizeOriginals-response-example-1.html"}],"nameUrl":"Parameters-Parameters-AnonymizeOriginals-response-example-1.html","title":"Parameters-AnonymizeOriginals-response-example-1","generation":"generated"},{"extension":[{"url":"http://hl7.org/fhir/tools/StructureDefinition/ig-page-name","valueUrl":"Parameters-Parameters-DeletePseudonyms-request-example-1.html"}],"nameUrl":"Parameters-Parameters-DeletePseudonyms-request-example-1.html","title":"Parameters-DeletePseudonyms-request-example-1","generation":"generated"},{"extension":[{"url":"http://hl7.org/fhir/tools/StructureDefinition/ig-page-name","valueUrl":"Parameters-Parameters-DeletePseudonyms-response-example-1.html"}],"nameUrl":"Parameters-Parameters-DeletePseudonyms-response-example-1.html","title":"Parameters-DeletePseudonyms-response-example-1","generation":"generated"},{"extension":[{"url":"http://hl7.org/fhir/tools/StructureDefinition/ig-page-name","valueUrl":"Parameters-Parameters-DePseudonymize-request-example-1.html"}],"nameUrl":"Parameters-Parameters-DePseudonymize-request-example-1.html","title":"Parameters-DePseudonymize-request-example-1","generation":"generated"},{"extension":[{"url":"http://hl7.org/fhir/tools/StructureDefinition/ig-page-name","valueUrl":"Parameters-Parameters-DePseudonymize-response-example-1.html"}],"nameUrl":"Parameters-Parameters-DePseudonymize-response-example-1.html","title":"Parameters-DePseudonymize-response-example-1","generation":"generated"},{"extension":[{"url":"http://hl7.org/fhir/tools/StructureDefinition/ig-page-name","valueUrl":"Parameters-Parameters-DePseudonymize-response-example-2.html"}],"nameUrl":"Parameters-Parameters-DePseudonymize-response-example-2.html","title":"Parameters-DePseudonymize-response-example-2","generation":"generated"},{"extension":[{"url":"http://hl7.org/fhir/tools/StructureDefinition/ig-page-name","valueUrl":"Parameters-Parameters-InsertValuePseudonymPairs-request-example-1.html"}],"nameUrl":"Parameters-Parameters-InsertValuePseudonymPairs-request-example-1.html","title":"Parameters-InsertValuePseudonymPairs-request-example-1","generation":"generated"},{"extension":[{"url":"http://hl7.org/fhir/tools/StructureDefinition/ig-page-name","valueUrl":"Parameters-Parameters-InsertValuePseudonymPairs-response-example-1.html"}],"nameUrl":"Parameters-Parameters-InsertValuePseudonymPairs-response-example-1.html","title":"Parameters-InsertValuePseudonymPairs-response-example-1","generation":"generated"},{"extension":[{"url":"http://hl7.org/fhir/tools/StructureDefinition/ig-page-name","valueUrl":"Parameters-Parameters-InsertValuePseudonymPairs-response-example-2.html"}],"nameUrl":"Parameters-Parameters-InsertValuePseudonymPairs-response-example-2.html","title":"Parameters-InsertValuePseudonymPairs-response-example-2","generation":"generated"},{"extension":[{"url":"http://hl7.org/fhir/tools/StructureDefinition/ig-page-name","valueUrl":"Parameters-Parameters-Pseudonymize-request-example-1.html"}],"nameUrl":"Parameters-Parameters-Pseudonymize-request-example-1.html","title":"Parameters-Pseudonymize-request-example-1","generation":"generated"},{"extension":[{"url":"http://hl7.org/fhir/tools/StructureDefinition/ig-page-name","valueUrl":"Parameters-Parameters-Pseudonymize-response-example-1.html"}],"nameUrl":"Parameters-Parameters-Pseudonymize-response-example-1.html","title":"Parameters-Pseudonymize-response-example-1","generation":"generated"},{"extension":[{"url":"http://hl7.org/fhir/tools/StructureDefinition/ig-page-name","valueUrl":"Parameters-Parameters-Pseudonymize-response-example-2.html"}],"nameUrl":"Parameters-Parameters-Pseudonymize-response-example-2.html","title":"Parameters-Pseudonymize-response-example-2","generation":"generated"},{"extension":[{"url":"http://hl7.org/fhir/tools/StructureDefinition/ig-page-name","valueUrl":"Parameters-Parameters-PseudonymizeAllowCreate-request-example-1.html"}],"nameUrl":"Parameters-Parameters-PseudonymizeAllowCreate-request-example-1.html","title":"Parameters-PseudonymizeAllowCreate-request-example-1","generation":"generated"},{"extension":[{"url":"http://hl7.org/fhir/tools/StructureDefinition/ig-page-name","valueUrl":"Parameters-Parameters-PseudonymizeAllowCreate-response-example-1.html"}],"nameUrl":"Parameters-Parameters-PseudonymizeAllowCreate-response-example-1.html","title":"Parameters-PseudonymizeAllowCreate-response-example-1","generation":"generated"},{"extension":[{"url":"http://hl7.org/fhir/tools/StructureDefinition/ig-page-name","valueUrl":"Parameters-Parameters-PseudonymizeSecondary-request-example-1.html"}],"nameUrl":"Parameters-Parameters-PseudonymizeSecondary-request-example-1.html","title":"Parameters-PseudonymizeSecondary-request-example-1","generation":"generated"},{"extension":[{"url":"http://hl7.org/fhir/tools/StructureDefinition/ig-page-name","valueUrl":"Parameters-Parameters-PseudonymizeSecondary-response-example-1.html"}],"nameUrl":"Parameters-Parameters-PseudonymizeSecondary-response-example-1.html","title":"Parameters-PseudonymizeSecondary-response-example-1","generation":"generated"},{"extension":[{"url":"http://hl7.org/fhir/tools/StructureDefinition/ig-page-name","valueUrl":"Parameters-Parameters-PseudonymizeSecondary-response-example-2.html"}],"nameUrl":"Parameters-Parameters-PseudonymizeSecondary-response-example-2.html","title":"Parameters-PseudonymizeSecondary-response-example-2","generation":"generated"}]}]},"parameter":[{"code":"path-resource","value":"input/capabilities"},{"code":"path-resource","value":"input/examples"},{"code":"path-resource","value":"input/extensions"},{"code":"path-resource","value":"input/models"},{"code":"path-resource","value":"input/operations"},{"code":"path-resource","value":"input/profiles"},{"code":"path-resource","value":"input/resources"},{"code":"path-resource","value":"input/vocabulary"},{"code":"path-resource","value":"input/maps"},{"code":"path-resource","value":"input/testing"},{"code":"path-resource","value":"input/history"},{"code":"path-resource","value":"fsh-generated/resources"},{"code":"path-pages","value":"template/config"},{"code":"path-pages","value":"input/images"},{"code":"path-tx-cache","value":"input-cache/txcache"}]}}