{"resourceType":"OperationDefinition","id":"Pseudonymize","text":{"status":"generated","div":"<div xmlns=\"http://www.w3.org/1999/xhtml\"><p class=\"res-header-id\"><b>Generated Narrative: OperationDefinition Pseudonymize</b></p><a name=\"Pseudonymize\"> </a><a name=\"hcPseudonymize\"> </a><p>URL: [base]/$pseudonymize</p><h3>Parameters</h3><table class=\"grid\"><tr><td><b>Use</b></td><td><b>Name</b></td><td><b>Scope</b></td><td><b>Cardinality</b></td><td><b>Type</b></td><td><b>Binding</b></td><td><b>Documentation</b></td></tr><tr><td>IN</td><td>target</td><td/><td>1..1</td><td><a href=\"http://hl7.org/fhir/R4/datatypes.html#string\">string</a><br/>(<a href=\"https://hl7.org/fhir/R4/search.html#string\">string</a>)</td><td/><td><div><p>Angabe der Domäne auf Basis derer für die angegebenen Originalwerte ein vorhandenens eindeutiges Pseudonym gesucht wird</p>\n</div></td></tr><tr><td>IN</td><td>original</td><td/><td>1..*</td><td><a href=\"http://hl7.org/fhir/R4/datatypes.html#string\">string</a><br/>(<a href=\"https://hl7.org/fhir/R4/search.html#string\">string</a>)</td><td/><td><div><p>Angabe der Originalwerte für die in der angegebenen Domäne nach vorhandenen zugeordneten Pseudonymen gesucht wird</p>\n</div></td></tr><tr><td>OUT</td><td>pseudonym</td><td/><td>0..*</td><td></td><td/><td><div><p>Ermitteltes bzw. generiertes studien- und standort-spezifisches Pseudonym</p>\n</div></td></tr><tr><td>OUT</td><td>pseudonym.original</td><td/><td>1..1</td><td><a href=\"http://hl7.org/fhir/R4/datatypes.html#Identifier\">Identifier</a></td><td/><td><div><p>Original-Identifikator</p>\n</div></td></tr><tr><td>OUT</td><td>pseudonym.target</td><td/><td>1..1</td><td><a href=\"http://hl7.org/fhir/R4/datatypes.html#Identifier\">Identifier</a></td><td/><td><div><p>Target-Identifikator</p>\n</div></td></tr><tr><td>OUT</td><td>pseudonym.pseudonym</td><td/><td>1..1</td><td><a href=\"http://hl7.org/fhir/R4/datatypes.html#Identifier\">Identifier</a></td><td/><td><div><p>Pseudonym</p>\n</div></td></tr><tr><td>OUT</td><td>error</td><td/><td>0..*</td><td></td><td/><td><div><p>Fehlerrückgabe bei Teil-Fehlern</p>\n</div></td></tr><tr><td>OUT</td><td>error.target</td><td/><td>0..1</td><td><a href=\"http://hl7.org/fhir/R4/datatypes.html#Identifier\">Identifier</a></td><td/><td><div><p>Target-Identifikator</p>\n</div></td></tr><tr><td>OUT</td><td>error.original</td><td/><td>0..1</td><td><a href=\"http://hl7.org/fhir/R4/datatypes.html#Identifier\">Identifier</a></td><td/><td><div><p>Original-Identifikator</p>\n</div></td></tr><tr><td>OUT</td><td>error.error-code</td><td/><td>1..1</td><td><a href=\"http://hl7.org/fhir/R4/datatypes.html#Coding\">Coding</a></td><td/><td><div><p>Fehlercode</p>\n</div></td></tr></table><div><p>Abfrage je eines Pseudonym-Wertes für eine gegebene Liste von 1-n Originalwerten und eine spezifische Domäne.</p>\n</div></div>"},"url":"https://ths-greifswald.de/fhir/OperationDefinition/gpas/pseudonymize","version":"2025.1.0","name":"Pseudonymize","title":"pseudonymize","status":"active","kind":"operation","date":"2025-06-12","publisher":"Unabhängige Treuhandstelle der Universitätsmedizin Greifswald","contact":[{"name":"Unabhängige Treuhandstelle der Universitätsmedizin Greifswald","telecom":[{"system":"url","value":"https://www.ths-greifswald.de/"}]}],"description":"Abfrage je eines Pseudonym-Wertes für eine gegebene Liste von 1-n Originalwerten und eine spezifische Domäne.","affectsState":false,"code":"pseudonymize","comment":"Abfrage je eines Pseudonym-Wertes für eine gegebene Liste von 1-n Originalwerten und eine spezifische Domäne.","system":true,"type":false,"instance":false,"parameter":[{"name":"target","use":"in","min":1,"max":"1","documentation":"Angabe der Domäne auf Basis derer für die angegebenen Originalwerte ein vorhandenens eindeutiges Pseudonym gesucht wird","type":"string","searchType":"string"},{"name":"original","use":"in","min":1,"max":"*","documentation":"Angabe der Originalwerte für die in der angegebenen Domäne nach vorhandenen zugeordneten Pseudonymen gesucht wird","type":"string","searchType":"string"},{"name":"pseudonym","use":"out","min":0,"max":"*","documentation":"Ermitteltes bzw. generiertes studien- und standort-spezifisches Pseudonym","part":[{"name":"original","use":"out","min":1,"max":"1","documentation":"Original-Identifikator","type":"Identifier"},{"name":"target","use":"out","min":1,"max":"1","documentation":"Target-Identifikator","type":"Identifier"},{"name":"pseudonym","use":"out","min":1,"max":"1","documentation":"Pseudonym","type":"Identifier"}]},{"name":"error","use":"out","min":0,"max":"*","documentation":"Fehlerrückgabe bei Teil-Fehlern","part":[{"name":"target","use":"out","min":0,"max":"1","documentation":"Target-Identifikator","type":"Identifier"},{"name":"original","use":"out","min":0,"max":"1","documentation":"Original-Identifikator","type":"Identifier"},{"name":"error-code","use":"out","min":1,"max":"1","documentation":"Fehlercode","type":"Coding"}]}]}